Time(s)	Phi(deg)	Omega(deg/s)	Mu(deg/s^2)
0.00	25.0000	2.0000	-4.1610
0.01	25.0200	1.9584	-4.1610
0.02	25.0396	1.9168	-4.1609
0.03	25.0588	1.8752	-4.1609
0.04	25.0775	1.8336	-4.1609
0.05	25.0958	1.7920	-4.1608
0.06	25.1138	1.7503	-4.1608
0.07	25.1313	1.7087	-4.1608
0.08	25.1483	1.6671	-4.1607
0.09	25.1650	1.6255	-4.1607
0.10	25.1813	1.5839	-4.1607
0.11	25.1971	1.5423	-4.1606
0.12	25.2125	1.5007	-4.1606
0.13	25.2275	1.4591	-4.1606
0.14	25.2421	1.4175	-4.1605
0.15	25.2563	1.3759	-4.1605
0.16	25.2701	1.3343	-4.1605
0.17	25.2834	1.2927	-4.1604
0.18	25.2963	1.2511	-4.1604
0.19	25.3089	1.2095	-4.1604
0.20	25.3209	1.1679	-4.1604
0.21	25.3326	1.1263	-4.1603
0.22	25.3439	1.0847	-4.1603
0.23	25.3547	1.0431	-4.1603
0.24	25.3652	1.0014	-4.1603
0.25	25.3752	0.9598	-4.1603
0.26	25.3848	0.9182	-4.1602
0.27	25.3940	0.8766	-4.1602
0.28	25.4027	0.8350	-4.1602
0.29	25.4111	0.7934	-4.1602
0.30	25.4190	0.7518	-4.1602
0.31	25.4265	0.7102	-4.1602
0.32	25.4336	0.6686	-4.1601
0.33	25.4403	0.6270	-4.1601
0.34	25.4466	0.5854	-4.1601
0.35	25.4524	0.5438	-4.1601
0.36	25.4579	0.5022	-4.1601
0.37	25.4629	0.4606	-4.1601
0.38	25.4675	0.4190	-4.1601
0.39	25.4717	0.3774	-4.1601
0.40	25.4755	0.3358	-4.1601
0.41	25.4788	0.2942	-4.1600
0.42	25.4818	0.2526	-4.1600
0.43	25.4843	0.2110	-4.1600
0.44	25.4864	0.1694	-4.1600
0.45	25.4881	0.1278	-4.1600
0.46	25.4894	0.0862	-4.1600
0.47	25.4902	0.0446	-4.1600
0.48	25.4907	0.0030	-4.1600
0.49	25.4907	-0.0386	-2.6683
0.50	25.4903	-0.0653	-2.6683
0.51	25.4897	-0.0919	-2.6683
0.52	25.4888	-0.1186	-2.6683
0.53	25.4876	-0.1453	-2.6683
0.54	25.4861	-0.1720	-2.6683
0.55	25.4844	-0.1987	-2.6683
0.56	25.4824	-0.2254	-2.6683
0.57	25.4802	-0.2520	-2.6683
0.58	25.4776	-0.2787	-2.6683
0.59	25.4749	-0.3054	-2.6683
0.60	25.4718	-0.3321	-2.6683
0.61	25.4685	-0.3588	-2.6683
0.62	25.4649	-0.3855	-2.6683
0.63	25.4610	-0.4121	-2.6683
0.64	25.4569	-0.4388	-2.6683
0.65	25.4525	-0.4655	-2.6683
0.66	25.4479	-0.4922	-2.6683
0.67	25.4430	-0.5189	-2.6683
0.68	25.4378	-0.5456	-2.6683
0.69	25.4323	-0.5722	-2.6683
0.70	25.4266	-0.5989	-2.6683
0.71	25.4206	-0.6256	-2.6683
0.72	25.4143	-0.6523	-2.6683
0.73	25.4078	-0.6790	-2.6683
0.74	25.4010	-0.7057	-2.6683
0.75	25.3940	-0.7323	-2.6683
0.76	25.3866	-0.7590	-2.6683
0.77	25.3791	-0.7857	-2.6683
0.78	25.3712	-0.8124	-2.6683
0.79	25.3631	-0.8391	-2.6682
0.80	25.3547	-0.8657	-2.6682
0.81	25.3460	-0.8924	-2.6682
0.82	25.3371	-0.9191	-2.6682
0.83	25.3279	-0.9458	-2.6682
0.84	25.3185	-0.9725	-2.6682
0.85	25.3087	-0.9992	-2.6682
0.86	25.2987	-1.0258	-2.6682
0.87	25.2885	-1.0525	-2.6682
0.88	25.2780	-1.0792	-2.6682
0.89	25.2672	-1.1059	-2.6682
0.90	25.2561	-1.1326	-2.6682
0.91	25.2448	-1.1593	-2.6682
0.92	25.2332	-1.1859	-2.6682
0.93	25.2213	-1.2126	-2.6682
0.94	25.2092	-1.2393	-2.6682
0.95	25.1968	-1.2660	-2.6682
0.96	25.1841	-1.2927	-2.6682
0.97	25.1712	-1.3193	-2.6682
0.98	25.1580	-1.3460	-2.6682
0.99	25.1446	-1.3727	-2.6682
1.00	25.1308	-1.3994	-2.6682
1.01	25.1168	-1.4261	-2.6681
1.02	25.1026	-1.4528	-2.6681
1.03	25.0881	-1.4794	-2.6681
1.04	25.0733	-1.5061	-2.6681
1.05	25.0582	-1.5328	-2.6681
1.06	25.0429	-1.5595	-2.6681
1.07	25.0273	-1.5862	-2.6681
1.08	25.0114	-1.6128	-2.6681
1.09	24.9953	-1.6395	-2.6681
1.10	24.9789	-1.6662	-2.6681
1.11	24.9622	-1.6929	-2.6681
1.12	24.9453	-1.7196	-2.6681
1.13	24.9281	-1.7462	-2.6681
1.14	24.9106	-1.7729	-2.6681
1.15	24.8929	-1.7996	-2.6681
1.16	24.8749	-1.8263	-2.6681
1.17	24.8567	-1.8530	-2.6680
1.18	24.8381	-1.8796	-2.6680
1.19	24.8193	-1.9063	-2.6680
1.20	24.8003	-1.9330	-2.6680
1.21	24.7809	-1.9597	-2.6680
1.22	24.7613	-1.9864	-2.6680
1.23	24.7415	-2.0130	-2.6680
1.24	24.7213	-2.0397	-2.6680
1.25	24.7009	-2.0664	-2.6680
1.26	24.6803	-2.0931	-2.6680
1.27	24.6594	-2.1198	-2.6680
1.28	24.6382	-2.1464	-2.6680
1.29	24.6167	-2.1731	-2.6680
1.30	24.5950	-2.1998	-2.6679
1.31	24.5730	-2.2265	-2.6679
1.32	24.5507	-2.2532	-2.6679
1.33	24.5282	-2.2798	-2.6679
1.34	24.5054	-2.3065	-2.6679
1.35	24.4823	-2.3332	-2.6679
1.36	24.4590	-2.3599	-2.6679
1.37	24.4354	-2.3866	-2.6679
1.38	24.4115	-2.4132	-2.6679
1.39	24.3874	-2.4399	-2.6679
1.40	24.3630	-2.4666	-2.6679
1.41	24.3383	-2.4933	-2.6679
1.42	24.3134	-2.5200	-2.6678
1.43	24.2882	-2.5466	-2.6678
1.44	24.2627	-2.5733	-2.6678
1.45	24.2370	-2.6000	-2.6678
1.46	24.2110	-2.6267	-2.6678
1.47	24.1847	-2.6533	-2.6678
1.48	24.1582	-2.6800	-2.6678
1.49	24.1314	-2.7067	-2.6679
1.50	24.1043	-2.7334	-2.6679
1.51	24.0770	-2.7601	-2.6680
1.52	24.0494	-2.7867	-2.6681
1.53	24.0215	-2.8134	-2.6682
1.54	23.9934	-2.8401	-2.6683
1.55	23.9650	-2.8668	-2.6684
1.56	23.9363	-2.8935	-2.6685
1.57	23.9074	-2.9202	-2.6686
1.58	23.8782	-2.9468	-2.6688
1.59	23.8487	-2.9735	-2.6689
1.60	23.8190	-3.0002	-2.6690
1.61	23.7890	-3.0269	-2.6691
1.62	23.7587	-3.0536	-2.6692
1.63	23.7282	-3.0803	-2.6693
1.64	23.6974	-3.1070	-2.6695
1.65	23.6663	-3.1337	-2.6696
1.66	23.6349	-3.1604	-2.6697
1.67	23.6033	-3.1871	-2.6699
1.68	23.5715	-3.2138	-2.6700
1.69	23.5393	-3.2405	-2.6701
1.70	23.5069	-3.2672	-2.6703
1.71	23.4743	-3.2939	-2.6704
1.72	23.4413	-3.3206	-2.6706
1.73	23.4081	-3.3473	-2.6707
1.74	23.3746	-3.3740	-2.6709
1.75	23.3409	-3.4007	-2.6710
1.76	23.3069	-3.4274	-2.6712
1.77	23.2726	-3.4541	-2.6713
1.78	23.2381	-3.4808	-2.6715
1.79	23.2033	-3.5076	-2.6716
1.80	23.1682	-3.5343	-2.6718
1.81	23.1329	-3.5610	-2.6720
1.82	23.0972	-3.5877	-2.6721
1.83	23.0614	-3.6144	-2.6723
1.84	23.0252	-3.6412	-2.6725
1.85	22.9888	-3.6679	-2.6727
1.86	22.9521	-3.6946	-2.6728
1.87	22.9152	-3.7213	-2.6730
1.88	22.8780	-3.7481	-2.6732
1.89	22.8405	-3.7748	-2.6734
1.90	22.8027	-3.8015	-2.6736
1.91	22.7647	-3.8283	-2.6738
1.92	22.7264	-3.8550	-2.6739
1.93	22.6879	-3.8817	-2.6741
1.94	22.6491	-3.9085	-2.6743
1.95	22.6100	-3.9352	-2.6745
1.96	22.5706	-3.9620	-2.6747
1.97	22.5310	-3.9887	-2.6749
1.98	22.4911	-4.0155	-2.6751
1.99	22.4510	-4.0422	-2.6753
2.00	22.4106	-4.0690	-2.6755
2.01	22.3699	-4.0957	-2.6757
2.02	22.3289	-4.1225	-2.6759
2.03	22.2877	-4.1492	-2.6761
2.04	22.2462	-4.1760	-2.6764
2.05	22.2044	-4.2028	-2.6766
2.06	22.1624	-4.2295	-2.6768
2.07	22.1201	-4.2563	-2.6770
2.08	22.0775	-4.2831	-2.6772
2.09	22.0347	-4.3098	-2.6774
2.10	21.9916	-4.3366	-2.6777
2.11	21.9483	-4.3634	-2.6779
2.12	21.9046	-4.3902	-2.6781
2.13	21.8607	-4.4170	-2.6783
2.14	21.8165	-4.4437	-2.6786
2.15	21.7721	-4.4705	-2.6788
2.16	21.7274	-4.4973	-2.6790
2.17	21.6824	-4.5241	-2.6793
2.18	21.6372	-4.5509	-2.6795
2.19	21.5917	-4.5777	-2.6798
2.20	21.5459	-4.6045	-2.6800
2.21	21.4999	-4.6313	-2.6802
2.22	21.4535	-4.6581	-2.6805
2.23	21.4070	-4.6849	-2.6807
2.24	21.3601	-4.7117	-2.6810
2.25	21.3130	-4.7385	-2.6812
2.26	21.2656	-4.7653	-2.6815
2.27	21.2180	-4.7921	-2.6817
2.28	21.1700	-4.8190	-2.6820
2.29	21.1219	-4.8458	-2.6822
2.30	21.0734	-4.8726	-2.6825
2.31	21.0247	-4.8994	-2.6827
2.32	20.9757	-4.9262	-2.6830
2.33	20.9264	-4.9531	-2.6833
2.34	20.8769	-4.9799	-2.6835
2.35	20.8271	-5.0067	-2.6838
2.36	20.7770	-5.0336	-2.6840
2.37	20.7267	-5.0604	-2.6843
2.38	20.6761	-5.0873	-2.6846
2.39	20.6252	-5.1141	-2.6848
2.40	20.5741	-5.1410	-2.6851
2.41	20.5226	-5.1678	-2.6854
2.42	20.4710	-5.1947	-2.6857
2.43	20.4190	-5.2215	-2.6859
2.44	20.3668	-5.2484	-2.6862
2.45	20.3143	-5.2752	-2.6865
2.46	20.2616	-5.3021	-2.6868
2.47	20.2086	-5.3290	-2.6870
2.48	20.1553	-5.3558	-2.6873
2.49	20.1017	-5.3827	-2.6876
2.50	20.0479	-5.4096	-2.6879
2.51	19.9938	-5.4365	-2.6882
2.52	19.9394	-5.4634	-2.6885
2.53	19.8848	-5.4902	-2.6888
2.54	19.8299	-5.5171	-2.6890
2.55	19.7747	-5.5440	-2.6893
2.56	19.7193	-5.5709	-2.6896
2.57	19.6636	-5.5978	-2.6899
2.58	19.6076	-5.6247	-2.6902
2.59	19.5513	-5.6516	-2.6905
2.60	19.4948	-5.6785	-2.6908
2.61	19.4380	-5.7054	-2.6911
2.62	19.3810	-5.7323	-2.6914
2.63	19.3237	-5.7593	-2.6917
2.64	19.2661	-5.7862	-2.6920
2.65	19.2082	-5.8131	-2.6923
2.66	19.1501	-5.8400	-2.6926
2.67	19.0917	-5.8669	-2.6929
2.68	19.0330	-5.8939	-2.6932
2.69	18.9741	-5.9208	-2.6935
2.70	18.9149	-5.9477	-2.6938
2.71	18.8554	-5.9747	-2.6942
2.72	18.7956	-6.0016	-2.6944
2.73	18.7356	-6.0286	-2.6941
2.74	18.6753	-6.0555	-2.6938
2.75	18.6148	-6.0824	-2.6935
2.76	18.5539	-6.1094	-2.6932
2.77	18.4929	-6.1363	-2.6929
2.78	18.4315	-6.1632	-2.6926
2.79	18.3699	-6.1902	-2.6923
2.80	18.3080	-6.2171	-2.6920
2.81	18.2458	-6.2440	-2.6917
2.82	18.1833	-6.2709	-2.6914
2.83	18.1206	-6.2978	-2.6911
2.84	18.0577	-6.3247	-2.6908
2.85	17.9944	-6.3516	-2.6905
2.86	17.9309	-6.3786	-2.6902
2.87	17.8671	-6.4055	-2.6899
2.88	17.8031	-6.4324	-2.6896
2.89	17.7387	-6.4593	-2.6893
2.90	17.6741	-6.4861	-2.6890
2.91	17.6093	-6.5130	-2.6887
2.92	17.5441	-6.5399	-2.6884
2.93	17.4787	-6.5668	-2.6881
2.94	17.4131	-6.5937	-2.6879
2.95	17.3471	-6.6206	-2.6876
2.96	17.2809	-6.6474	-2.6873
2.97	17.2145	-6.6743	-2.6870
2.98	17.1477	-6.7012	-2.6867
2.99	17.0807	-6.7281	-2.6865
3.00	17.0134	-6.7549	-2.6862
3.01	16.9459	-6.7818	-2.6859
3.02	16.8781	-6.8086	-2.6856
3.03	16.8100	-6.8355	-2.6854
3.04	16.7416	-6.8623	-2.6851
3.05	16.6730	-6.8892	-2.6848
3.06	16.6041	-6.9160	-2.6845
3.07	16.5349	-6.9429	-2.6843
3.08	16.4655	-6.9697	-2.6840
3.09	16.3958	-6.9966	-2.6837
3.10	16.3259	-7.0234	-2.6835
3.11	16.2556	-7.0502	-2.6832
3.12	16.1851	-7.0771	-2.6830
3.13	16.1143	-7.1039	-2.6827
3.14	16.0433	-7.1307	-2.6824
3.15	15.9720	-7.1576	-2.6822
3.16	15.9004	-7.1844	-2.6819
3.17	15.8286	-7.2112	-2.6817
3.18	15.7565	-7.2380	-2.6814
3.19	15.6841	-7.2648	-2.6812
3.20	15.6114	-7.2916	-2.6809
3.21	15.5385	-7.3185	-2.6807
3.22	15.4653	-7.3453	-2.6804
3.23	15.3919	-7.3721	-2.6802
3.24	15.3182	-7.3989	-2.6800
3.25	15.2442	-7.4257	-2.6797
3.26	15.1699	-7.4525	-2.6795
3.27	15.0954	-7.4793	-2.6792
3.28	15.0206	-7.5061	-2.6790
3.29	14.9455	-7.5328	-2.6788
3.30	14.8702	-7.5596	-2.6786
3.31	14.7946	-7.5864	-2.6783
3.32	14.7188	-7.6132	-2.6781
3.33	14.6426	-7.6400	-2.6779
3.34	14.5662	-7.6668	-2.6776
3.35	14.4896	-7.6935	-2.6774
3.36	14.4126	-7.7203	-2.6772
3.37	14.3354	-7.7471	-2.6770
3.38	14.2579	-7.7738	-2.6768
3.39	14.1802	-7.8006	-2.6765
3.40	14.1022	-7.8274	-2.6763
3.41	14.0239	-7.8541	-2.6761
3.42	13.9454	-7.8809	-2.6759
3.43	13.8666	-7.9077	-2.6757
3.44	13.7875	-7.9344	-2.6755
3.45	13.7082	-7.9612	-2.6753
3.46	13.6285	-7.9879	-2.6751
3.47	13.5487	-8.0147	-2.6749
3.48	13.4685	-8.0414	-2.6747
3.49	13.3881	-8.0682	-2.6745
3.50	13.3074	-8.0949	-2.6743
3.51	13.2265	-8.1217	-2.6741
3.52	13.1453	-8.1484	-2.6739
3.53	13.0638	-8.1751	-2.6737
3.54	12.9820	-8.2019	-2.6735
3.55	12.9000	-8.2286	-2.6734
3.56	12.8177	-8.2554	-2.6732
3.57	12.7352	-8.2821	-2.6730
3.58	12.6523	-8.3088	-2.6728
3.59	12.5693	-8.3355	-2.6726
3.60	12.4859	-8.3623	-2.6725
3.61	12.4023	-8.3890	-2.6723
3.62	12.3184	-8.4157	-2.6721
3.63	12.2342	-8.4424	-2.6720
3.64	12.1498	-8.4692	-2.6718
3.65	12.0651	-8.4959	-2.6716
3.66	11.9802	-8.5226	-2.6715
3.67	11.8949	-8.5493	-2.6713
3.68	11.8094	-8.5760	-2.6711
3.69	11.7237	-8.6027	-2.6710
3.70	11.6376	-8.6294	-2.6708
3.71	11.5514	-8.6561	-2.6707
3.72	11.4648	-8.6829	-2.6705
3.73	11.3780	-8.7096	-2.6704
3.74	11.2909	-8.7363	-2.6703
3.75	11.2035	-8.7630	-2.6701
3.76	11.1159	-8.7897	-2.6700
3.77	11.0280	-8.8164	-2.6698
3.78	10.9398	-8.8431	-2.6697
3.79	10.8514	-8.8698	-2.6696
3.80	10.7627	-8.8965	-2.6695
3.81	10.6737	-8.9232	-2.6693
3.82	10.5845	-8.9498	-2.6692
3.83	10.4950	-8.9765	-2.6691
3.84	10.4052	-9.0032	-2.6690
3.85	10.3152	-9.0299	-2.6689
3.86	10.2249	-9.0566	-2.6687
3.87	10.1343	-9.0833	-2.6686
3.88	10.0435	-9.1100	-2.6685
3.89	9.9524	-9.1367	-2.6684
3.90	9.8610	-9.1634	-2.6683
3.91	9.7694	-9.1900	-2.6682
3.92	9.6775	-9.2167	-2.6681
3.93	9.5853	-9.2434	-2.6680
3.94	9.4929	-9.2701	-2.6679
3.95	9.4002	-9.2968	-2.6679
3.96	9.3072	-9.3234	-2.6678
3.97	9.2140	-9.3501	-2.6677
3.98	9.1205	-9.3768	-2.6676
3.99	9.0267	-9.4035	-2.6675
4.00	8.9327	-9.4301	-2.6675
4.01	8.8384	-9.4568	-2.6674
4.02	8.7438	-9.4835	-2.6673
4.03	8.6490	-9.5102	-2.6673
4.04	8.5539	-9.5368	-2.6672
4.05	8.4585	-9.5635	-2.6671
4.06	8.3629	-9.5902	-2.6671
4.07	8.2670	-9.6169	-2.6670
4.08	8.1708	-9.6435	-2.6670
4.09	8.0744	-9.6702	-2.6669
4.10	7.9777	-9.6969	-2.6669
4.11	7.8807	-9.7235	-2.6669
4.12	7.7835	-9.7502	-2.6668
4.13	7.6860	-9.7769	-2.6668
4.14	7.5882	-9.8035	-2.6668
4.15	7.4902	-9.8302	-2.6667
4.16	7.3919	-9.8569	-2.6667
4.17	7.2933	-9.8835	-2.6667
4.18	7.1945	-9.9102	-2.6667
4.19	7.0954	-9.9369	-2.6667
4.20	6.9960	-9.9635	-2.6667
4.21	6.8963	-9.9902	-2.6667
4.22	6.7964	-10.0169	-2.6667
4.23	6.6963	-10.0435	-2.6667
4.24	6.5958	-10.0702	-2.6667
4.25	6.4951	-10.0969	-2.6667
4.26	6.3942	-10.1235	-2.6667
4.27	6.2929	-10.1502	-2.6667
4.28	6.1914	-10.1769	-2.6667
4.29	6.0897	-10.2035	-2.6667
4.30	5.9876	-10.2302	-2.6668
4.31	5.8853	-10.2569	-2.6668
4.32	5.7828	-10.2835	-2.6668
4.33	5.6799	-10.3102	-2.6668
4.34	5.5768	-10.3369	-2.6668
4.35	5.4735	-10.3635	-2.6669
4.36	5.3698	-10.3902	-2.6669
4.37	5.2659	-10.4169	-2.6669
4.38	5.1617	-10.4436	-2.6670
4.39	5.0573	-10.4702	-2.6670
4.40	4.9526	-10.4969	-2.6671
4.41	4.8476	-10.5236	-2.6671
4.42	4.7424	-10.5502	-2.6671
4.43	4.6369	-10.5769	-2.6672
4.44	4.5311	-10.6036	-2.6672
4.45	4.4251	-10.6303	-2.6673
4.46	4.3188	-10.6569	-2.6673
4.47	4.2122	-10.6836	-2.6674
4.48	4.1054	-10.7103	-2.6675
4.49	3.9983	-10.7369	-2.6675
4.50	3.8909	-10.7636	-2.6676
4.51	3.7833	-10.7903	-2.6676
4.52	3.6754	-10.8170	-2.6677
4.53	3.5672	-10.8436	-2.6678
4.54	3.4588	-10.8703	-2.6678
4.55	3.3501	-10.8970	-2.6679
4.56	3.2411	-10.9237	-2.6680
4.57	3.1319	-10.9504	-2.6680
4.58	3.0224	-10.9770	-2.6681
4.59	2.9126	-11.0037	-2.6682
4.60	2.8025	-11.0304	-2.6683
4.61	2.6922	-11.0571	-2.6684
4.62	2.5817	-11.0838	-2.6684
4.63	2.4708	-11.1105	-2.6685
4.64	2.3597	-11.1371	-2.6686
4.65	2.2484	-11.1638	-2.6687
4.66	2.1367	-11.1905	-2.6688
4.67	2.0248	-11.2172	-2.6689
4.68	1.9126	-11.2439	-2.6690
4.69	1.8002	-11.2706	-2.6691
4.70	1.6875	-11.2973	-2.6691
4.71	1.5745	-11.3240	-2.6692
4.72	1.4613	-11.3507	-2.6693
4.73	1.3478	-11.3774	-2.6694
4.74	1.2340	-11.4040	-2.6695
4.75	1.1200	-11.4307	-2.6697
4.76	1.0057	-11.4574	-2.6698
4.77	0.8911	-11.4841	-2.6699
4.78	0.7762	-11.5108	-2.6700
4.79	0.6611	-11.5375	-2.6701
4.80	0.5458	-11.5642	-2.6702
4.81	0.4301	-11.5909	-2.6703
4.82	0.3142	-11.6176	-2.6704
4.83	0.1980	-11.6443	-2.6705
4.84	0.0816	-11.6710	-2.6707
4.85	-0.0351	-11.6978	4.1476
4.86	-0.1521	-11.6563	4.1485
4.87	-0.2687	-11.6148	4.1494
4.88	-0.3848	-11.5733	4.1503
4.89	-0.5005	-11.5318	4.1512
4.90	-0.6159	-11.4903	4.1520
4.91	-0.7308	-11.4488	4.1529
4.92	-0.8453	-11.4072	4.1537
4.93	-0.9593	-11.3657	4.1545
4.94	-1.0730	-11.3242	4.1553
4.95	-1.1862	-11.2826	4.1560
4.96	-1.2990	-11.2410	4.1568
4.97	-1.4115	-11.1995	4.1575
4.98	-1.5235	-11.1579	4.1582
4.99	-1.6350	-11.1163	4.1588
5.00	-1.7462	-11.0747	4.1595
5.01	-1.8569	-11.0331	4.1601
5.02	-1.9673	-10.9915	4.1607
5.03	-2.0772	-10.9499	4.1613
5.04	-2.1867	-10.9083	4.1619
5.05	-2.2958	-10.8667	4.1625
5.06	-2.4044	-10.8251	4.1630
5.07	-2.5127	-10.7834	4.1635
5.08	-2.6205	-10.7418	4.1640
5.09	-2.7279	-10.7002	4.1644
5.10	-2.8349	-10.6585	4.1648
5.11	-2.9415	-10.6169	4.1653
5.12	-3.0477	-10.5752	4.1656
5.13	-3.1535	-10.5336	4.1660
5.14	-3.2588	-10.4919	4.1663
5.15	-3.3637	-10.4502	4.1666
5.16	-3.4682	-10.4086	4.1669
5.17	-3.5723	-10.3669	4.1672
5.18	-3.6760	-10.3252	4.1674
5.19	-3.7792	-10.2836	4.1676
5.20	-3.8821	-10.2419	4.1678
5.21	-3.9845	-10.2002	4.1680
5.22	-4.0865	-10.1585	4.1681
5.23	-4.1881	-10.1168	4.1682
5.24	-4.2892	-10.0752	4.1683
5.25	-4.3900	-10.0335	4.1683
5.26	-4.4903	-9.9918	4.1683
5.27	-4.5902	-9.9501	4.1683
5.28	-4.6897	-9.9084	4.1682
5.29	-4.7888	-9.8667	4.1681
5.30	-4.8875	-9.8251	4.1679
5.31	-4.9857	-9.7834	4.1677
5.32	-5.0836	-9.7417	4.1674
5.33	-5.1810	-9.7000	4.1671
5.34	-5.2780	-9.6584	4.1668
5.35	-5.3746	-9.6167	4.1664
5.36	-5.4707	-9.5750	4.1660
5.37	-5.5665	-9.5334	4.1656
5.38	-5.6618	-9.4917	4.1651
5.39	-5.7567	-9.4501	4.1645
5.40	-5.8512	-9.4084	4.1640
5.41	-5.9453	-9.3668	4.1634
5.42	-6.0390	-9.3251	4.1627
5.43	-6.1322	-9.2835	4.1621
5.44	-6.2251	-9.2419	4.1614
5.45	-6.3175	-9.2003	4.1606
5.46	-6.4095	-9.1587	4.1599
5.47	-6.5011	-9.1171	4.1590
5.48	-6.5923	-9.0755	4.1582
5.49	-6.6830	-9.0339	4.1573
5.50	-6.7733	-8.9923	4.1564
5.51	-6.8633	-8.9508	4.1555
5.52	-6.9528	-8.9092	4.1545
5.53	-7.0419	-8.8677	4.1535
5.54	-7.1305	-8.8261	4.1525
5.55	-7.2188	-8.7846	4.1514
5.56	-7.3067	-8.7431	4.1504
5.57	-7.3941	-8.7016	4.1492
5.58	-7.4811	-8.6601	4.1481
5.59	-7.5677	-8.6186	4.1469
5.60	-7.6539	-8.5771	4.1457
5.61	-7.7397	-8.5357	4.1445
5.62	-7.8250	-8.4942	4.1433
5.63	-7.9100	-8.4528	4.1420
5.64	-7.9945	-8.4114	4.1407
5.65	-8.0786	-8.3700	4.1394
5.66	-8.1623	-8.3286	4.1380
5.67	-8.2456	-8.2872	4.1366
5.68	-8.3285	-8.2458	4.1352
5.69	-8.4109	-8.2045	4.1338
5.70	-8.4930	-8.1632	4.1324
5.71	-8.5746	-8.1218	4.1309
5.72	-8.6558	-8.0805	4.1294
5.73	-8.7366	-8.0392	4.1279
5.74	-8.8170	-7.9979	4.1263
5.75	-8.8970	-7.9567	4.1248
5.76	-8.9766	-7.9154	4.1232
5.77	-9.0557	-7.8742	4.1216
5.78	-9.1345	-7.8330	4.1199
5.79	-9.2128	-7.7918	4.1183
5.80	-9.2907	-7.7506	4.1166
5.81	-9.3682	-7.7094	4.1149
5.82	-9.4453	-7.6683	4.1132
5.83	-9.5220	-7.6272	4.1115
5.84	-9.5983	-7.5860	4.1098
5.85	-9.6741	-7.5449	4.1080
5.86	-9.7496	-7.5039	4.1062
5.87	-9.8246	-7.4628	4.1044
5.88	-9.8992	-7.4218	4.1026
5.89	-9.9735	-7.3807	4.1007
5.90	-10.0473	-7.3397	4.0989
5.91	-10.1207	-7.2987	4.0970
5.92	-10.1936	-7.2578	4.0951
5.93	-10.2662	-7.2168	4.0932
5.94	-10.3384	-7.1759	4.0913
5.95	-10.4101	-7.1350	4.0893
5.96	-10.4815	-7.0941	4.0874
5.97	-10.5524	-7.0532	4.0854
5.98	-10.6230	-7.0124	4.0834
5.99	-10.6931	-6.9715	4.0814
6.00	-10.7628	-6.9307	4.0793
6.01	-10.8321	-6.8899	4.0773
6.02	-10.9010	-6.8491	4.0753
6.03	-10.9695	-6.8084	4.0732
6.04	-11.0376	-6.7677	4.0711
6.05	-11.1053	-6.7269	4.0690
6.06	-11.1725	-6.6863	4.0669
6.07	-11.2394	-6.6456	4.0648
6.08	-11.3059	-6.6049	4.0626
6.09	-11.3719	-6.5643	4.0605
6.10	-11.4375	-6.5237	4.0583
6.11	-11.5028	-6.4831	4.0561
6.12	-11.5676	-6.4426	4.0539
6.13	-11.6320	-6.4020	4.0517
6.14	-11.6961	-6.3615	4.0495
6.15	-11.7597	-6.3210	4.0473
6.16	-11.8229	-6.2805	4.0450
6.17	-11.8857	-6.2401	4.0427
6.18	-11.9481	-6.1997	4.0405
6.19	-12.0101	-6.1593	4.0382
6.20	-12.0717	-6.1189	4.0359
6.21	-12.1329	-6.0785	4.0336
6.22	-12.1937	-6.0382	4.0313
6.23	-12.2540	-5.9979	4.0292
6.24	-12.3140	-5.9576	4.0315
6.25	-12.3736	-5.9173	4.0338
6.26	-12.4328	-5.8769	4.0361
6.27	-12.4915	-5.8366	4.0384
6.28	-12.5499	-5.7962	4.0407
6.29	-12.6079	-5.7558	4.0430
6.30	-12.6654	-5.7153	4.0452
6.31	-12.7226	-5.6749	4.0475
6.32	-12.7793	-5.6344	4.0497
6.33	-12.8357	-5.5939	4.0519
6.34	-12.8916	-5.5534	4.0541
6.35	-12.9471	-5.5129	4.0563
6.36	-13.0023	-5.4723	4.0585
6.37	-13.0570	-5.4317	4.0607
6.38	-13.1113	-5.3911	4.0628
6.39	-13.1652	-5.3505	4.0650
6.40	-13.2187	-5.3098	4.0671
6.41	-13.2718	-5.2692	4.0692
6.42	-13.3245	-5.2285	4.0713
6.43	-13.3768	-5.1877	4.0734
6.44	-13.4287	-5.1470	4.0754
6.45	-13.4801	-5.1063	4.0775
6.46	-13.5312	-5.0655	4.0795
6.47	-13.5819	-5.0247	4.0816
6.48	-13.6321	-4.9839	4.0836
6.49	-13.6819	-4.9430	4.0856
6.50	-13.7314	-4.9022	4.0875
6.51	-13.7804	-4.8613	4.0895
6.52	-13.8290	-4.8204	4.0914
6.53	-13.8772	-4.7795	4.0934
6.54	-13.9250	-4.7386	4.0953
6.55	-13.9724	-4.6976	4.0972
6.56	-14.0194	-4.6566	4.0990
6.57	-14.0659	-4.6156	4.1009
6.58	-14.1121	-4.5746	4.1027
6.59	-14.1578	-4.5336	4.1046
6.60	-14.2032	-4.4926	4.1064
6.61	-14.2481	-4.4515	4.1081
6.62	-14.2926	-4.4104	4.1099
6.63	-14.3367	-4.3693	4.1116
6.64	-14.3804	-4.3282	4.1134
6.65	-14.4237	-4.2871	4.1151
6.66	-14.4666	-4.2459	4.1168
6.67	-14.5090	-4.2048	4.1184
6.68	-14.5511	-4.1636	4.1201
6.69	-14.5927	-4.1224	4.1217
6.70	-14.6339	-4.0812	4.1233
6.71	-14.6747	-4.0399	4.1249
6.72	-14.7151	-3.9987	4.1265
6.73	-14.7551	-3.9574	4.1280
6.74	-14.7947	-3.9161	4.1295
6.75	-14.8339	-3.8748	4.1310
6.76	-14.8726	-3.8335	4.1325
6.77	-14.9110	-3.7922	4.1339
6.78	-14.9489	-3.7509	4.1353
6.79	-14.9864	-3.7095	4.1367
6.80	-15.0235	-3.6681	4.1381
6.81	-15.0602	-3.6268	4.1395
6.82	-15.0964	-3.5854	4.1408
6.83	-15.1323	-3.5440	4.1421
6.84	-15.1677	-3.5025	4.1434
6.85	-15.2027	-3.4611	4.1446
6.86	-15.2374	-3.4197	4.1458
6.87	-15.2716	-3.3782	4.1470
6.88	-15.3053	-3.3367	4.1482
6.89	-15.3387	-3.2952	4.1493
6.90	-15.3717	-3.2537	4.1504
6.91	-15.4042	-3.2122	4.1515
6.92	-15.4363	-3.1707	4.1526
6.93	-15.4680	-3.1292	4.1536
6.94	-15.4993	-3.0877	4.1546
6.95	-15.5302	-3.0461	4.1556
6.96	-15.5607	-3.0046	4.1565
6.97	-15.5907	-2.9630	4.1574
6.98	-15.6203	-2.9214	4.1583
6.99	-15.6495	-2.8798	4.1591
7.00	-15.6783	-2.8383	4.1599
7.01	-15.7067	-2.7967	4.1607
7.02	-15.7347	-2.7550	4.1614
7.03	-15.7622	-2.7134	4.1621
7.04	-15.7894	-2.6718	4.1628
7.05	-15.8161	-2.6302	4.1634
7.06	-15.8424	-2.5885	4.1640
7.07	-15.8683	-2.5469	4.1646
7.08	-15.8937	-2.5053	4.1651
7.09	-15.9188	-2.4636	4.1656
7.10	-15.9434	-2.4220	4.1661
7.11	-15.9677	-2.3803	4.1665
7.12	-15.9915	-2.3386	4.1668
7.13	-16.0148	-2.2970	4.1672
7.14	-16.0378	-2.2553	4.1675
7.15	-16.0604	-2.2136	4.1677
7.16	-16.0825	-2.1719	4.1679
7.17	-16.1042	-2.1303	4.1681
7.18	-16.1255	-2.0886	4.1682
7.19	-16.1464	-2.0469	4.1683
7.20	-16.1669	-2.0052	4.1683
7.21	-16.1869	-1.9635	4.1683
7.22	-16.2066	-1.9218	4.1683
7.23	-16.2258	-1.8802	4.1683
7.24	-16.2446	-1.8385	4.1683
7.25	-16.2630	-1.7968	4.1683
7.26	-16.2809	-1.7551	4.1683
7.27	-16.2985	-1.7134	4.1683
7.28	-16.3156	-1.6717	4.1683
7.29	-16.3323	-1.6301	4.1683
7.30	-16.3486	-1.5884	4.1683
7.31	-16.3645	-1.5467	4.1683
7.32	-16.3800	-1.5050	4.1683
7.33	-16.3950	-1.4633	4.1683
7.34	-16.4097	-1.4216	4.1683
7.35	-16.4239	-1.3800	4.1683
7.36	-16.4377	-1.3383	4.1683
7.37	-16.4511	-1.2966	4.1683
7.38	-16.4640	-1.2549	4.1683
7.39	-16.4766	-1.2132	4.1683
7.40	-16.4887	-1.1715	4.1683
7.41	-16.5004	-1.1299	4.1683
7.42	-16.5117	-1.0882	4.1683
7.43	-16.5226	-1.0465	4.1683
7.44	-16.5331	-1.0048	4.1683
7.45	-16.5431	-0.9631	4.1683
7.46	-16.5528	-0.9214	4.1683
7.47	-16.5620	-0.8798	4.1683
7.48	-16.5708	-0.8381	4.1683
7.49	-16.5792	-0.7964	4.1683
7.50	-16.5871	-0.7547	4.1683
7.51	-16.5947	-0.7130	4.1683
7.52	-16.6018	-0.6713	4.1683
7.53	-16.6085	-0.6297	4.1683
7.54	-16.6148	-0.5880	4.1683
7.55	-16.6207	-0.5463	4.1683
7.56	-16.6262	-0.5046	4.1683
7.57	-16.6312	-0.4629	4.1683
7.58	-16.6358	-0.4212	4.1683
7.59	-16.6400	-0.3796	4.1683
7.60	-16.6438	-0.3379	4.1683
7.61	-16.6472	-0.2962	4.1683
7.62	-16.6502	-0.2545	4.1683
7.63	-16.6527	-0.2128	4.1683
7.64	-16.6549	-0.1711	4.1683
7.65	-16.6566	-0.1295	4.1683
7.66	-16.6579	-0.0878	4.1683
7.67	-16.6587	-0.0461	4.1683
7.68	-16.6592	-0.0044	4.1683
7.69	-16.6592	0.0373	2.6667
7.70	-16.6589	0.0639	2.6667
7.71	-16.6582	0.0906	2.6667
7.72	-16.6573	0.1173	2.6667
7.73	-16.6561	0.1439	2.6667
7.74	-16.6547	0.1706	2.6667
7.75	-16.6530	0.1973	2.6667
7.76	-16.6510	0.2239	2.6667
7.77	-16.6488	0.2506	2.6667
7.78	-16.6463	0.2773	2.6667
7.79	-16.6435	0.3039	2.6667
7.80	-16.6405	0.3306	2.6667
7.81	-16.6372	0.3573	2.6667
7.82	-16.6336	0.3839	2.6667
7.83	-16.6298	0.4106	2.6667
7.84	-16.6256	0.4373	2.6667
7.85	-16.6213	0.4639	2.6667
7.86	-16.6166	0.4906	2.6667
7.87	-16.6117	0.5173	2.6667
7.88	-16.6066	0.5439	2.6667
7.89	-16.6011	0.5706	2.6667
7.90	-16.5954	0.5973	2.6667
7.91	-16.5894	0.6239	2.6667
7.92	-16.5832	0.6506	2.6667
7.93	-16.5767	0.6773	2.6667
7.94	-16.5699	0.7039	2.6667
7.95	-16.5629	0.7306	2.6667
7.96	-16.5556	0.7573	2.6667
7.97	-16.5480	0.7839	2.6667
7.98	-16.5402	0.8106	2.6667
7.99	-16.5321	0.8373	2.6667
8.00	-16.5237	0.8639	2.6667
8.01	-16.5150	0.8906	2.6667
8.02	-16.5061	0.9173	2.6667
8.03	-16.4970	0.9439	2.6667
8.04	-16.4875	0.9706	2.6667
8.05	-16.4778	0.9973	2.6667
8.06	-16.4678	1.0239	2.6667
8.07	-16.4576	1.0506	2.6667
8.08	-16.4471	1.0773	2.6667
8.09	-16.4363	1.1039	2.6667
8.10	-16.4253	1.1306	2.6667
8.11	-16.4140	1.1573	2.6667
8.12	-16.4024	1.1839	2.6667
8.13	-16.3906	1.2106	2.6667
8.14	-16.3785	1.2373	2.6667
8.15	-16.3661	1.2639	2.6667
8.16	-16.3535	1.2906	2.6667
8.17	-16.3405	1.3173	2.6667
8.18	-16.3274	1.3439	2.6667
8.19	-16.3139	1.3706	2.6667
8.20	-16.3002	1.3973	2.6667
8.21	-16.2863	1.4239	2.6667
8.22	-16.2720	1.4506	2.6667
8.23	-16.2575	1.4773	2.6667
8.24	-16.2427	1.5039	2.6667
8.25	-16.2277	1.5306	2.6667
8.26	-16.2124	1.5573	2.6667
8.27	-16.1968	1.5839	2.6667
8.28	-16.1810	1.6106	2.6667
8.29	-16.1649	1.6373	2.6667
8.30	-16.1485	1.6639	2.6667
8.31	-16.1319	1.6906	2.6667
8.32	-16.1150	1.7173	2.6667
8.33	-16.0978	1.7439	2.6667
8.34	-16.0803	1.7706	2.6667
8.35	-16.0626	1.7973	2.6667
8.36	-16.0447	1.8239	2.6667
8.37	-16.0264	1.8506	2.6667
8.38	-16.0079	1.8773	2.6667
8.39	-15.9892	1.9039	2.6667
8.40	-15.9701	1.9306	2.6667
8.41	-15.9508	1.9573	2.6667
8.42	-15.9312	1.9839	2.6667
8.43	-15.9114	2.0106	2.6667
8.44	-15.8913	2.0373	2.6667
8.45	-15.8709	2.0639	2.6667
8.46	-15.8503	2.0906	2.6667
8.47	-15.8294	2.1173	2.6667
8.48	-15.8082	2.1439	2.6667
8.49	-15.7868	2.1706	2.6667
8.50	-15.7651	2.1973	2.6668
8.51	-15.7431	2.2239	2.6668
8.52	-15.7208	2.2506	2.6668
8.53	-15.6983	2.2773	2.6669
8.54	-15.6756	2.3039	2.6669
8.55	-15.6525	2.3306	2.6669
8.56	-15.6292	2.3573	2.6670
8.57	-15.6056	2.3840	2.6670
8.58	-15.5818	2.4106	2.6671
8.59	-15.5577	2.4373	2.6671
8.60	-15.5333	2.4640	2.6672
8.61	-15.5087	2.4906	2.6673
8.62	-15.4838	2.5173	2.6673
8.63	-15.4586	2.5440	2.6674
8.64	-15.4332	2.5707	2.6675
8.65	-15.4075	2.5973	2.6675
8.66	-15.3815	2.6240	2.6676
8.67	-15.3552	2.6507	2.6677
8.68	-15.3287	2.6774	2.6678
8.69	-15.3020	2.7040	2.6679
8.70	-15.2749	2.7307	2.6679
8.71	-15.2476	2.7574	2.6680
8.72	-15.2200	2.7841	2.6681
8.73	-15.1922	2.8108	2.6682
8.74	-15.1641	2.8374	2.6683
8.75	-15.1357	2.8641	2.6684
8.76	-15.1071	2.8908	2.6685
8.77	-15.0782	2.9175	2.6686
8.78	-15.0490	2.9442	2.6687
8.79	-15.0196	2.9709	2.6689
8.80	-14.9898	2.9976	2.6690
8.81	-14.9599	3.0242	2.6691
8.82	-14.9296	3.0509	2.6692
8.83	-14.8991	3.0776	2.6693
8.84	-14.8683	3.1043	2.6695
8.85	-14.8373	3.1310	2.6696
8.86	-14.8060	3.1577	2.6697
8.87	-14.7744	3.1844	2.6698
8.88	-14.7426	3.2111	2.6700
8.89	-14.7105	3.2378	2.6701
8.90	-14.6781	3.2645	2.6703
8.91	-14.6454	3.2912	2.6704
8.92	-14.6125	3.3179	2.6706
8.93	-14.5793	3.3446	2.6707
8.94	-14.5459	3.3713	2.6708
8.95	-14.5122	3.3980	2.6710
8.96	-14.4782	3.4247	2.6712
8.97	-14.4440	3.4515	2.6713
8.98	-14.4094	3.4782	2.6715
8.99	-14.3747	3.5049	2.6716
9.00	-14.3396	3.5316	2.6718
9.01	-14.3043	3.5583	2.6720
9.02	-14.2687	3.5850	2.6721
9.03	-14.2329	3.6118	2.6723
9.04	-14.1967	3.6385	2.6725
9.05	-14.1604	3.6652	2.6726
9.06	-14.1237	3.6919	2.6728
9.07	-14.0868	3.7187	2.6730
9.08	-14.0496	3.7454	2.6732
9.09	-14.0121	3.7721	2.6734
9.10	-13.9744	3.7989	2.6735
9.11	-13.9364	3.8256	2.6737
9.12	-13.8982	3.8523	2.6739
9.13	-13.8597	3.8791	2.6741
9.14	-13.8209	3.9058	2.6743
9.15	-13.7818	3.9326	2.6745
9.16	-13.7425	3.9593	2.6747
9.17	-13.7029	3.9860	2.6749
9.18	-13.6630	4.0128	2.6751
9.19	-13.6229	4.0395	2.6753
9.20	-13.5825	4.0663	2.6755
9.21	-13.5418	4.0931	2.6757
9.22	-13.5009	4.1198	2.6759
9.23	-13.4597	4.1466	2.6761
9.24	-13.4182	4.1733	2.6763
9.25	-13.3765	4.2001	2.6766
9.26	-13.3345	4.2269	2.6768
9.27	-13.2922	4.2536	2.6770
9.28	-13.2497	4.2804	2.6772
9.29	-13.2069	4.3072	2.6774
9.30	-13.1638	4.3339	2.6776
9.31	-13.1205	4.3607	2.6779
9.32	-13.0769	4.3875	2.6781
9.33	-13.0330	4.4143	2.6783
9.34	-12.9889	4.4411	2.6786
9.35	-12.9445	4.4678	2.6788
9.36	-12.8998	4.4946	2.6790
9.37	-12.8548	4.5214	2.6793
9.38	-12.8096	4.5482	2.6795
9.39	-12.7641	4.5750	2.6797
9.40	-12.7184	4.6018	2.6800
9.41	-12.6724	4.6286	2.6802
9.42	-12.6261	4.6554	2.6805
9.43	-12.5795	4.6822	2.6807
9.44	-12.5327	4.7090	2.6809
9.45	-12.4856	4.7358	2.6812
9.46	-12.4383	4.7626	2.6814
9.47	-12.3906	4.7895	2.6817
9.48	-12.3427	4.8163	2.6819
9.49	-12.2946	4.8431	2.6822
9.50	-12.2461	4.8699	2.6825
9.51	-12.1974	4.8967	2.6827
9.52	-12.1485	4.9236	2.6830
9.53	-12.0992	4.9504	2.6832
9.54	-12.0497	4.9772	2.6835
9.55	-12.0000	5.0041	2.6838
9.56	-11.9499	5.0309	2.6840
9.57	-11.8996	5.0577	2.6843
9.58	-11.8490	5.0846	2.6845
9.59	-11.7982	5.1114	2.6848
9.60	-11.7471	5.1383	2.6851
9.61	-11.6957	5.1651	2.6854
9.62	-11.6440	5.1920	2.6856
9.63	-11.5921	5.2188	2.6859
9.64	-11.5399	5.2457	2.6862
9.65	-11.4875	5.2726	2.6865
9.66	-11.4348	5.2994	2.6867
9.67	-11.3818	5.3263	2.6870
9.68	-11.3285	5.3532	2.6873
9.69	-11.2750	5.3800	2.6876
9.70	-11.2212	5.4069	2.6879
9.71	-11.1671	5.4338	2.6882
9.72	-11.1128	5.4607	2.6884
9.73	-11.0581	5.4876	2.6887
9.74	-11.0033	5.5144	2.6890
9.75	-10.9481	5.5413	2.6893
9.76	-10.8927	5.5682	2.6896
9.77	-10.8370	5.5951	2.6899
9.78	-10.7811	5.6220	2.6902
9.79	-10.7249	5.6489	2.6905
9.80	-10.6684	5.6758	2.6908
9.81	-10.6116	5.7027	2.6911
9.82	-10.5546	5.7296	2.6914
9.83	-10.4973	5.7566	2.6917
9.84	-10.4397	5.7835	2.6920
9.85	-10.3819	5.8104	2.6923
9.86	-10.3238	5.8373	2.6926
9.87	-10.2654	5.8642	2.6929
9.88	-10.2068	5.8912	2.6932
9.89	-10.1479	5.9181	2.6935
9.90	-10.0887	5.9450	2.6938
9.91	-10.0292	5.9720	2.6941
9.92	-9.9695	5.9989	2.6944
9.93	-9.9095	6.0259	2.6941
9.94	-9.8493	6.0528	2.6938
9.95	-9.7887	6.0797	2.6935
9.96	-9.7279	6.1067	2.6932
9.97	-9.6669	6.1336	2.6929
9.98	-9.6055	6.1605	2.6926
9.99	-9.5439	6.1875	2.6923
10.00	-9.4820	6.2144	2.6920
10.01	-9.4199	6.2413	2.6917
10.02	-9.3575	6.2682	2.6914
10.03	-9.2948	6.2951	2.6911
10.04	-9.2319	6.3221	2.6908
10.05	-9.1686	6.3490	2.6905
10.06	-9.1051	6.3759	2.6902
10.07	-9.0414	6.4028	2.6899
10.08	-8.9774	6.4297	2.6896
10.09	-8.9131	6.4566	2.6893
10.10	-8.8485	6.4835	2.6890
10.11	-8.7837	6.5103	2.6887
10.12	-8.7186	6.5372	2.6885
10.13	-8.6532	6.5641	2.6882
10.14	-8.5875	6.5910	2.6879
10.15	-8.5216	6.6179	2.6876
10.16	-8.4555	6.6448	2.6873
10.17	-8.3890	6.6716	2.6870
10.18	-8.3223	6.6985	2.6868
10.19	-8.2553	6.7254	2.6865
10.20	-8.1881	6.7522	2.6862
10.21	-8.1205	6.7791	2.6859
10.22	-8.0527	6.8060	2.6857
10.23	-7.9847	6.8328	2.6854
10.24	-7.9164	6.8597	2.6851
10.25	-7.8478	6.8865	2.6848
10.26	-7.7789	6.9134	2.6846
10.27	-7.7098	6.9402	2.6843
10.28	-7.6404	6.9671	2.6840
10.29	-7.5707	6.9939	2.6838
10.30	-7.5007	7.0207	2.6835
10.31	-7.4305	7.0476	2.6832
10.32	-7.3601	7.0744	2.6830
10.33	-7.2893	7.1012	2.6827
10.34	-7.2183	7.1281	2.6825
10.35	-7.1470	7.1549	2.6822
10.36	-7.0755	7.1817	2.6820
10.37	-7.0037	7.2085	2.6817
10.38	-6.9316	7.2353	2.6815
10.39	-6.8592	7.2622	2.6812
10.40	-6.7866	7.2890	2.6810
10.41	-6.7137	7.3158	2.6807
10.42	-6.6406	7.3426	2.6805
10.43	-6.5671	7.3694	2.6802
10.44	-6.4934	7.3962	2.6800
10.45	-6.4195	7.4230	2.6797
10.46	-6.3452	7.4498	2.6795
10.47	-6.2707	7.4766	2.6793
10.48	-6.1960	7.5034	2.6790
10.49	-6.1209	7.5302	2.6788
10.50	-6.0456	7.5570	2.6786
10.51	-5.9701	7.5837	2.6783
10.52	-5.8942	7.6105	2.6781
10.53	-5.8181	7.6373	2.6779
10.54	-5.7418	7.6641	2.6777
10.55	-5.6651	7.6909	2.6774
10.56	-5.5882	7.7176	2.6772
10.57	-5.5110	7.7444	2.6770
10.58	-5.4336	7.7712	2.6768
10.59	-5.3559	7.7979	2.6766
10.60	-5.2779	7.8247	2.6764
10.61	-5.1997	7.8515	2.6761
10.62	-5.1211	7.8782	2.6759
10.63	-5.0424	7.9050	2.6757
10.64	-4.9633	7.9318	2.6755
10.65	-4.8840	7.9585	2.6753
10.66	-4.8044	7.9853	2.6751
10.67	-4.7245	8.0120	2.6749
10.68	-4.6444	8.0388	2.6747
10.69	-4.5640	8.0655	2.6745
10.70	-4.4834	8.0923	2.6743
10.71	-4.4025	8.1190	2.6741
10.72	-4.3213	8.1457	2.6739
10.73	-4.2398	8.1725	2.6737
10.74	-4.1581	8.1992	2.6736
10.75	-4.0761	8.2259	2.6734
10.76	-3.9938	8.2527	2.6732
10.77	-3.9113	8.2794	2.6730
10.78	-3.8285	8.3061	2.6728
10.79	-3.7455	8.3329	2.6727
10.80	-3.6621	8.3596	2.6725
10.81	-3.5785	8.3863	2.6723
10.82	-3.4947	8.4130	2.6721
10.83	-3.4105	8.4398	2.6720
10.84	-3.3261	8.4665	2.6718
10.85	-3.2415	8.4932	2.6716
10.86	-3.1565	8.5199	2.6715
10.87	-3.0713	8.5466	2.6713
10.88	-2.9859	8.5734	2.6712
10.89	-2.9001	8.6001	2.6710
10.90	-2.8141	8.6268	2.6709
10.91	-2.7279	8.6535	2.6707
10.92	-2.6413	8.6802	2.6706
10.93	-2.5545	8.7069	2.6704
10.94	-2.4675	8.7336	2.6703
10.95	-2.3801	8.7603	2.6701
10.96	-2.2925	8.7870	2.6700
10.97	-2.2047	8.8137	2.6699
10.98	-2.1165	8.8404	2.6697
10.99	-2.0281	8.8671	2.6696
11.00	-1.9394	8.8938	2.6695
11.01	-1.8505	8.9205	2.6693
11.02	-1.7613	8.9472	2.6692
11.03	-1.6718	8.9739	2.6691
11.04	-1.5821	9.0006	2.6690
11.05	-1.4921	9.0273	2.6689
11.06	-1.4018	9.0539	2.6688
11.07	-1.3113	9.0806	2.6686
11.08	-1.2205	9.1073	2.6685
11.09	-1.1294	9.1340	2.6684
11.10	-1.0381	9.1607	2.6683
11.11	-0.9465	9.1874	2.6682
11.12	-0.8546	9.2141	2.6681
11.13	-0.7624	9.2407	2.6680
11.14	-0.6700	9.2674	2.6679
11.15	-0.5774	9.2941	2.6679
11.16	-0.4844	9.3208	2.6678
11.17	-0.3912	9.3475	2.6677
11.18	-0.2977	9.3741	2.6676
11.19	-0.2040	9.4008	2.6675
11.20	-0.1100	9.4275	2.6675
11.21	-0.0157	9.4542	2.6674
11.22	0.0788	9.4808	-4.1649
11.23	0.1736	9.4392	-4.1644
11.24	0.2680	9.3975	-4.1638
11.25	0.3620	9.3559	-4.1632
11.26	0.4556	9.3143	-4.1626
11.27	0.5487	9.2726	-4.1619
11.28	0.6414	9.2310	-4.1612
11.29	0.7337	9.1894	-4.1604
11.30	0.8256	9.1478	-4.1596
11.31	0.9171	9.1062	-4.1588
11.32	1.0082	9.0646	-4.1580
11.33	1.0988	9.0230	-4.1571
11.34	1.1891	8.9815	-4.1562
11.35	1.2789	8.9399	-4.1552
11.36	1.3683	8.8984	-4.1543
11.37	1.4573	8.8568	-4.1533
11.38	1.5458	8.8153	-4.1522
11.39	1.6340	8.7738	-4.1512
11.40	1.7217	8.7322	-4.1501
11.41	1.8090	8.6907	-4.1490
11.42	1.8959	8.6493	-4.1478
11.43	1.9824	8.6078	-4.1466
11.44	2.0685	8.5663	-4.1454
11.45	2.1542	8.5249	-4.1442
11.46	2.2394	8.4834	-4.1429
11.47	2.3243	8.4420	-4.1417
11.48	2.4087	8.4006	-4.1403
11.49	2.4927	8.3592	-4.1390
11.50	2.5763	8.3178	-4.1376
11.51	2.6595	8.2764	-4.1363
11.52	2.7422	8.2350	-4.1349
11.53	2.8246	8.1937	-4.1334
11.54	2.9065	8.1524	-4.1320
11.55	2.9880	8.1110	-4.1305
11.56	3.0691	8.0697	-4.1290
11.57	3.1498	8.0284	-4.1275
11.58	3.2301	7.9872	-4.1259
11.59	3.3100	7.9459	-4.1243
11.60	3.3895	7.9047	-4.1228
11.61	3.4685	7.8634	-4.1211
11.62	3.5471	7.8222	-4.1195
11.63	3.6254	7.7810	-4.1179
11.64	3.7032	7.7398	-4.1162
11.65	3.7806	7.6987	-4.1145
11.66	3.8576	7.6575	-4.1128
11.67	3.9341	7.6164	-4.1110
11.68	4.0103	7.5753	-4.1093
11.69	4.0860	7.5342	-4.1075
11.70	4.1614	7.4931	-4.1057
11.71	4.2363	7.4521	-4.1039
11.72	4.3108	7.4110	-4.1021
11.73	4.3849	7.3700	-4.1002
11.74	4.4586	7.3290	-4.0984
11.75	4.5319	7.2880	-4.0965
11.76	4.6048	7.2471	-4.0946
11.77	4.6773	7.2061	-4.0927
11.78	4.7494	7.1652	-4.0908
11.79	4.8210	7.1243	-4.0888
11.80	4.8922	7.0834	-4.0868
11.81	4.9631	7.0425	-4.0849
11.82	5.0335	7.0017	-4.0829
11.83	5.1035	6.9609	-4.0808
11.84	5.1731	6.9200	-4.0788
11.85	5.2423	6.8793	-4.0768
11.86	5.3111	6.8385	-4.0747
11.87	5.3795	6.7977	-4.0726
11.88	5.4475	6.7570	-4.0706
11.89	5.5151	6.7163	-4.0684
11.90	5.5822	6.6756	-4.0663
11.91	5.6490	6.6350	-4.0642
11.92	5.7153	6.5943	-4.0621
11.93	5.7813	6.5537	-4.0599
11.94	5.8468	6.5131	-4.0577
11.95	5.9119	6.4725	-4.0555
11.96	5.9767	6.4320	-4.0533
11.97	6.0410	6.3914	-4.0511
11.98	6.1049	6.3509	-4.0489
11.99	6.1684	6.3104	-4.0467
12.00	6.2315	6.2700	-4.0444
12.01	6.2942	6.2295	-4.0422
12.02	6.3565	6.1891	-4.0399
12.03	6.4184	6.1487	-4.0376
12.04	6.4799	6.1083	-4.0353
12.05	6.5410	6.0680	-4.0330
12.06	6.6016	6.0276	-4.0307
12.07	6.6619	5.9873	-4.0298
12.08	6.7218	5.9470	-4.0321
12.09	6.7813	5.9067	-4.0344
12.10	6.8403	5.8664	-4.0367
12.11	6.8990	5.8260	-4.0390
12.12	6.9573	5.7856	-4.0413
12.13	7.0151	5.7452	-4.0436
12.14	7.0726	5.7048	-4.0458
12.15	7.1296	5.6643	-4.0481
12.16	7.1863	5.6238	-4.0503
12.17	7.2425	5.5833	-4.0525
12.18	7.2983	5.5428	-4.0547
12.19	7.3538	5.5023	-4.0569
12.20	7.4088	5.4617	-4.0591
12.21	7.4634	5.4211	-4.0612
12.22	7.5176	5.3805	-4.0634
12.23	7.5714	5.3398	-4.0655
12.24	7.6248	5.2992	-4.0676
12.25	7.6778	5.2585	-4.0698
12.26	7.7304	5.2178	-4.0718
12.27	7.7826	5.1771	-4.0739
12.28	7.8343	5.1364	-4.0760
12.29	7.8857	5.0956	-4.0780
12.30	7.9367	5.0548	-4.0801
12.31	7.9872	5.0140	-4.0821
12.32	8.0373	4.9732	-4.0841
12.33	8.0871	4.9324	-4.0861
12.34	8.1364	4.8915	-4.0880
12.35	8.1853	4.8506	-4.0900
12.36	8.2338	4.8097	-4.0919
12.37	8.2819	4.7688	-4.0939
12.38	8.3296	4.7279	-4.0958
12.39	8.3769	4.6869	-4.0977
12.40	8.4238	4.6459	-4.0995
12.41	8.4702	4.6049	-4.1014
12.42	8.5163	4.5639	-4.1032
12.43	8.5619	4.5229	-4.1050
12.44	8.6071	4.4818	-4.1068
12.45	8.6519	4.4408	-4.1086
12.46	8.6964	4.3997	-4.1104
12.47	8.7403	4.3586	-4.1121
12.48	8.7839	4.3175	-4.1138
12.49	8.8271	4.2763	-4.1155
12.50	8.8699	4.2352	-4.1172
12.51	8.9122	4.1940	-4.1189
12.52	8.9542	4.1528	-4.1205
12.53	8.9957	4.1116	-4.1221
12.54	9.0368	4.0704	-4.1237
12.55	9.0775	4.0291	-4.1253
12.56	9.1178	3.9879	-4.1269
12.57	9.1577	3.9466	-4.1284
12.58	9.1971	3.9053	-4.1299
12.59	9.2362	3.8640	-4.1314
12.60	9.2748	3.8227	-4.1328
12.61	9.3131	3.7814	-4.1343
12.62	9.3509	3.7400	-4.1357
12.63	9.3883	3.6987	-4.1371
12.64	9.4253	3.6573	-4.1385
12.65	9.4618	3.6159	-4.1398
12.66	9.4980	3.5745	-4.1411
12.67	9.5337	3.5331	-4.1424
12.68	9.5691	3.4917	-4.1437
12.69	9.6040	3.4503	-4.1449
12.70	9.6385	3.4088	-4.1461
12.71	9.6726	3.3674	-4.1473
12.72	9.7063	3.3259	-4.1485
12.73	9.7395	3.2844	-4.1496
12.74	9.7724	3.2429	-4.1507
12.75	9.8048	3.2014	-4.1518
12.76	9.8368	3.1599	-4.1528
12.77	9.8684	3.1183	-4.1539
12.78	9.8996	3.0768	-4.1549
12.79	9.9304	3.0353	-4.1558
12.80	9.9607	2.9937	-4.1567
12.81	9.9906	2.9521	-4.1576
12.82	10.0202	2.9106	-4.1585
12.83	10.0493	2.8690	-4.1593
12.84	10.0780	2.8274	-4.1601
12.85	10.1062	2.7858	-4.1609
12.86	10.1341	2.7442	-4.1616
12.87	10.1615	2.7026	-4.1623
12.88	10.1886	2.6609	-4.1630
12.89	10.2152	2.6193	-4.1636
12.90	10.2414	2.5777	-4.1642
12.91	10.2671	2.5360	-4.1647
12.92	10.2925	2.4944	-4.1652
12.93	10.3174	2.4527	-4.1657
12.94	10.3420	2.4111	-4.1662
12.95	10.3661	2.3694	-4.1666
12.96	10.3898	2.3277	-4.1669
12.97	10.4131	2.2861	-4.1672
12.98	10.4359	2.2444	-4.1675
12.99	10.4584	2.2027	-4.1678
13.00	10.4804	2.1610	-4.1680
13.01	10.5020	2.1194	-4.1681
13.02	10.5232	2.0777	-4.1682
13.03	10.5440	2.0360	-4.1683
13.04	10.5643	1.9943	-4.1683
13.05	10.5843	1.9526	-4.1683
13.06	10.6038	1.9109	-4.1683
13.07	10.6229	1.8693	-4.1683
13.08	10.6416	1.8276	-4.1683
13.09	10.6599	1.7859	-4.1683
13.10	10.6777	1.7442	-4.1683
13.11	10.6952	1.7025	-4.1683
13.12	10.7122	1.6608	-4.1683
13.13	10.7288	1.6192	-4.1683
13.14	10.7450	1.5775	-4.1683
13.15	10.7608	1.5358	-4.1683
13.16	10.7761	1.4941	-4.1683
13.17	10.7911	1.4524	-4.1683
13.18	10.8056	1.4107	-4.1683
13.19	10.8197	1.3691	-4.1683
13.20	10.8334	1.3274	-4.1683
13.21	10.8467	1.2857	-4.1683
13.22	10.8595	1.2440	-4.1683
13.23	10.8720	1.2023	-4.1683
13.24	10.8840	1.1606	-4.1683
13.25	10.8956	1.1190	-4.1683
13.26	10.9068	1.0773	-4.1683
13.27	10.9176	1.0356	-4.1683
13.28	10.9279	0.9939	-4.1683
13.29	10.9379	0.9522	-4.1683
13.30	10.9474	0.9105	-4.1683
13.31	10.9565	0.8689	-4.1683
13.32	10.9652	0.8272	-4.1683
13.33	10.9734	0.7855	-4.1683
13.34	10.9813	0.7438	-4.1683
13.35	10.9887	0.7021	-4.1683
13.36	10.9958	0.6604	-4.1683
13.37	11.0024	0.6188	-4.1683
13.38	11.0085	0.5771	-4.1683
13.39	11.0143	0.5354	-4.1683
13.40	11.0197	0.4937	-4.1683
13.41	11.0246	0.4520	-4.1683
13.42	11.0291	0.4103	-4.1683
13.43	11.0332	0.3687	-4.1683
13.44	11.0369	0.3270	-4.1683
13.45	11.0402	0.2853	-4.1683
13.46	11.0430	0.2436	-4.1683
13.47	11.0455	0.2019	-4.1683
13.48	11.0475	0.1602	-4.1683
13.49	11.0491	0.1186	-4.1683
13.50	11.0503	0.0769	-4.1683
13.51	11.0511	0.0352	-4.1683
13.52	11.0514	-0.0065	-2.6667
13.53	11.0513	-0.0332	-2.6667
13.54	11.0510	-0.0598	-2.6667
13.55	11.0504	-0.0865	-2.6667
13.56	11.0495	-0.1132	-2.6667
13.57	11.0484	-0.1398	-2.6667
13.58	11.0470	-0.1665	-2.6667
13.59	11.0454	-0.1932	-2.6667
13.60	11.0434	-0.2198	-2.6667
13.61	11.0412	-0.2465	-2.6667
13.62	11.0388	-0.2732	-2.6667
13.63	11.0360	-0.2998	-2.6667
13.64	11.0330	-0.3265	-2.6667
13.65	11.0298	-0.3532	-2.6667
13.66	11.0262	-0.3798	-2.6667
13.67	11.0224	-0.4065	-2.6667
13.68	11.0184	-0.4332	-2.6667
13.69	11.0140	-0.4598	-2.6667
13.70	11.0094	-0.4865	-2.6667
13.71	11.0046	-0.5132	-2.6667
13.72	10.9994	-0.5398	-2.6667
13.73	10.9940	-0.5665	-2.6667
13.74	10.9884	-0.5932	-2.6667
13.75	10.9825	-0.6198	-2.6667
13.76	10.9763	-0.6465	-2.6667
13.77	10.9698	-0.6732	-2.6667
13.78	10.9631	-0.6998	-2.6667
13.79	10.9561	-0.7265	-2.6667
13.80	10.9488	-0.7532	-2.6667
13.81	10.9413	-0.7798	-2.6667
13.82	10.9335	-0.8065	-2.6667
13.83	10.9254	-0.8332	-2.6667
13.84	10.9171	-0.8598	-2.6667
13.85	10.9085	-0.8865	-2.6667
13.86	10.8996	-0.9132	-2.6667
13.87	10.8905	-0.9398	-2.6667
13.88	10.8811	-0.9665	-2.6667
13.89	10.8714	-0.9932	-2.6667
13.90	10.8615	-1.0198	-2.6667
13.91	10.8513	-1.0465	-2.6667
13.92	10.8408	-1.0732	-2.6667
13.93	10.8301	-1.0998	-2.6667
13.94	10.8191	-1.1265	-2.6667
13.95	10.8078	-1.1532	-2.6667
13.96	10.7963	-1.1798	-2.6667
13.97	10.7845	-1.2065	-2.6667
13.98	10.7724	-1.2332	-2.6667
13.99	10.7601	-1.2598	-2.6667
14.00	10.7475	-1.2865	-2.6667
14.01	10.7346	-1.3132	-2.6667
14.02	10.7215	-1.3398	-2.6667
14.03	10.7081	-1.3665	-2.6667
14.04	10.6944	-1.3932	-2.6667
14.05	10.6805	-1.4198	-2.6667
14.06	10.6663	-1.4465	-2.6667
14.07	10.6518	-1.4732	-2.6667
14.08	10.6371	-1.4998	-2.6667
14.09	10.6221	-1.5265	-2.6667
14.10	10.6068	-1.5532	-2.6667
14.11	10.5913	-1.5798	-2.6667
14.12	10.5755	-1.6065	-2.6667
14.13	10.5595	-1.6332	-2.6667
14.14	10.5431	-1.6598	-2.6667
14.15	10.5265	-1.6865	-2.6667
14.16	10.5097	-1.7132	-2.6667
14.17	10.4925	-1.7398	-2.6667
14.18	10.4751	-1.7665	-2.6667
14.19	10.4575	-1.7932	-2.6667
14.20	10.4395	-1.8198	-2.6667
14.21	10.4213	-1.8465	-2.6667
14.22	10.4029	-1.8732	-2.6667
14.23	10.3841	-1.8998	-2.6667
14.24	10.3651	-1.9265	-2.6667
14.25	10.3459	-1.9532	-2.6667
14.26	10.3263	-1.9798	-2.6667
14.27	10.3065	-2.0065	-2.6667
14.28	10.2865	-2.0332	-2.6667
14.29	10.2661	-2.0598	-2.6667
14.30	10.2456	-2.0865	-2.6667
14.31	10.2247	-2.1132	-2.6667
14.32	10.2036	-2.1398	-2.6667
14.33	10.1822	-2.1665	-2.6667
14.34	10.1605	-2.1932	-2.6668
14.35	10.1386	-2.2198	-2.6668
14.36	10.1164	-2.2465	-2.6668
14.37	10.0939	-2.2732	-2.6669
14.38	10.0712	-2.2998	-2.6669
14.39	10.0482	-2.3265	-2.6669
14.40	10.0249	-2.3532	-2.6670
14.41	10.0014	-2.3798	-2.6670
14.42	9.9776	-2.4065	-2.6671
14.43	9.9535	-2.4332	-2.6671
14.44	9.9292	-2.4598	-2.6672
14.45	9.9046	-2.4865	-2.6672
14.46	9.8797	-2.5132	-2.6673
14.47	9.8546	-2.5399	-2.6674
14.48	9.8292	-2.5665	-2.6674
14.49	9.8035	-2.5932	-2.6675
14.50	9.7776	-2.6199	-2.6676
14.51	9.7514	-2.6466	-2.6677
14.52	9.7249	-2.6732	-2.6678
14.53	9.6982	-2.6999	-2.6678
14.54	9.6712	-2.7266	-2.6679
14.55	9.6439	-2.7533	-2.6680
14.56	9.6164	-2.7800	-2.6681
14.57	9.5886	-2.8066	-2.6682
14.58	9.5605	-2.8333	-2.6683
14.59	9.5322	-2.8600	-2.6684
14.60	9.5036	-2.8867	-2.6685
14.61	9.4747	-2.9134	-2.6686
14.62	9.4456	-2.9401	-2.6687
14.63	9.4162	-2.9667	-2.6688
14.64	9.3865	-2.9934	-2.6690
14.65	9.3566	-3.0201	-2.6691
14.66	9.3264	-3.0468	-2.6692
14.67	9.2959	-3.0735	-2.6693
14.68	9.2652	-3.1002	-2.6694
14.69	9.2342	-3.1269	-2.6696
14.70	9.2029	-3.1536	-2.6697
14.71	9.1714	-3.1803	-2.6698
14.72	9.1396	-3.2070	-2.6700
14.73	9.1075	-3.2337	-2.6701
14.74	9.0752	-3.2604	-2.6702
14.75	9.0426	-3.2871	-2.6704
14.76	9.0097	-3.3138	-2.6705
14.77	8.9766	-3.3405	-2.6707
14.78	8.9431	-3.3672	-2.6708
14.79	8.9095	-3.3939	-2.6710
14.80	8.8755	-3.4206	-2.6711
14.81	8.8413	-3.4473	-2.6713
14.82	8.8069	-3.4740	-2.6714
14.83	8.7721	-3.5008	-2.6716
14.84	8.7371	-3.5275	-2.6718
14.85	8.7018	-3.5542	-2.6719
14.86	8.6663	-3.5809	-2.6721
14.87	8.6305	-3.6076	-2.6723
14.88	8.5944	-3.6344	-2.6724
14.89	8.5581	-3.6611	-2.6726
14.90	8.5215	-3.6878	-2.6728
14.91	8.4846	-3.7145	-2.6730
14.92	8.4474	-3.7413	-2.6732
14.93	8.4100	-3.7680	-2.6733
14.94	8.3723	-3.7947	-2.6735
14.95	8.3344	-3.8215	-2.6737
14.96	8.2962	-3.8482	-2.6739
14.97	8.2577	-3.8749	-2.6741
14.98	8.2189	-3.9017	-2.6743
14.99	8.1799	-3.9284	-2.6745
15.00	8.1406	-3.9552	-2.6747
15.01	8.1011	-3.9819	-2.6749
15.02	8.0613	-4.0087	-2.6751
15.03	8.0212	-4.0354	-2.6753
15.04	7.9808	-4.0622	-2.6755
15.05	7.9402	-4.0889	-2.6757
15.06	7.8993	-4.1157	-2.6759
15.07	7.8582	-4.1424	-2.6761
15.08	7.8167	-4.1692	-2.6763
15.09	7.7750	-4.1960	-2.6765
15.10	7.7331	-4.2227	-2.6767
15.11	7.6909	-4.2495	-2.6770
15.12	7.6484	-4.2763	-2.6772
15.13	7.6056	-4.3030	-2.6774
15.14	7.5626	-4.3298	-2.6776
15.15	7.5193	-4.3566	-2.6778
15.16	7.4757	-4.3834	-2.6781
15.17	7.4319	-4.4101	-2.6783
15.18	7.3878	-4.4369	-2.6785
15.19	7.3434	-4.4637	-2.6788
15.20	7.2988	-4.4905	-2.6790
15.21	7.2539	-4.5173	-2.6792
15.22	7.2087	-4.5441	-2.6795
15.23	7.1632	-4.5709	-2.6797
15.24	7.1175	-4.5977	-2.6799
15.25	7.0716	-4.6245	-2.6802
15.26	7.0253	-4.6513	-2.6804
15.27	6.9788	-4.6781	-2.6807
15.28	6.9320	-4.7049	-2.6809
15.29	6.8850	-4.7317	-2.6812
15.30	6.8377	-4.7585	-2.6814
15.31	6.7901	-4.7853	-2.6817
15.32	6.7422	-4.8121	-2.6819
15.33	6.6941	-4.8390	-2.6822
15.34	6.6457	-4.8658	-2.6824
15.35	6.5971	-4.8926	-2.6827
15.36	6.5481	-4.9194	-2.6829
15.37	6.4989	-4.9463	-2.6832
15.38	6.4495	-4.9731	-2.6834
15.39	6.3997	-4.9999	-2.6837
15.40	6.3497	-5.0268	-2.6840
15.41	6.2995	-5.0536	-2.6842
15.42	6.2489	-5.0804	-2.6845
15.43	6.1981	-5.1073	-2.6848
15.44	6.1471	-5.1341	-2.6850
15.45	6.0957	-5.1610	-2.6853
15.46	6.0441	-5.1878	-2.6856
15.47	5.9922	-5.2147	-2.6859
15.48	5.9401	-5.2416	-2.6861
15.49	5.8877	-5.2684	-2.6864
15.50	5.8350	-5.2953	-2.6867
15.51	5.7820	-5.3221	-2.6870
15.52	5.7288	-5.3490	-2.6873
15.53	5.6753	-5.3759	-2.6875
15.54	5.6216	-5.4028	-2.6878
15.55	5.5675	-5.4296	-2.6881
15.56	5.5132	-5.4565	-2.6884
15.57	5.4587	-5.4834	-2.6887
15.58	5.4038	-5.5103	-2.6890
15.59	5.3487	-5.5372	-2.6893
15.60	5.2934	-5.5641	-2.6896
15.61	5.2377	-5.5910	-2.6898
15.62	5.1818	-5.6179	-2.6901
15.63	5.1256	-5.6448	-2.6904
15.64	5.0692	-5.6717	-2.6907
15.65	5.0125	-5.6986	-2.6910
15.66	4.9555	-5.7255	-2.6913
15.67	4.8982	-5.7524	-2.6916
15.68	4.8407	-5.7793	-2.6919
15.69	4.7829	-5.8062	-2.6922
15.70	4.7248	-5.8332	-2.6925
15.71	4.6665	-5.8601	-2.6928
15.72	4.6079	-5.8870	-2.6931
15.73	4.5490	-5.9139	-2.6935
15.74	4.4899	-5.9409	-2.6938
15.75	4.4305	-5.9678	-2.6941
15.76	4.3708	-5.9948	-2.6944
15.77	4.3109	-6.0217	-2.6942
15.78	4.2507	-6.0486	-2.6939
15.79	4.1902	-6.0756	-2.6936
15.80	4.1294	-6.1025	-2.6933
15.81	4.0684	-6.1295	-2.6930
15.82	4.0071	-6.1564	-2.6927
15.83	3.9455	-6.1833	-2.6923
15.84	3.8837	-6.2102	-2.6920
15.85	3.8216	-6.2372	-2.6917
15.86	3.7592	-6.2641	-2.6914
15.87	3.6966	-6.2910	-2.6911
15.88	3.6337	-6.3179	-2.6908
15.89	3.5705	-6.3448	-2.6905
15.90	3.5070	-6.3717	-2.6903
15.91	3.4433	-6.3986	-2.6900
15.92	3.3793	-6.4255	-2.6897
15.93	3.3151	-6.4524	-2.6894
15.94	3.2506	-6.4793	-2.6891
15.95	3.1858	-6.5062	-2.6888
15.96	3.1207	-6.5331	-2.6885
15.97	3.0554	-6.5600	-2.6882
15.98	2.9898	-6.5869	-2.6879
15.99	2.9239	-6.6137	-2.6876
16.00	2.8578	-6.6406	-2.6874
16.01	2.7914	-6.6675	-2.6871
16.02	2.7247	-6.6944	-2.6868
16.03	2.6577	-6.7212	-2.6865
16.04	2.5905	-6.7481	-2.6862
16.05	2.5231	-6.7749	-2.6860
16.06	2.4553	-6.8018	-2.6857
16.07	2.3873	-6.8287	-2.6854
16.08	2.3190	-6.8555	-2.6852
16.09	2.2504	-6.8824	-2.6849
16.10	2.1816	-6.9092	-2.6846
16.11	2.1125	-6.9361	-2.6843
16.12	2.0432	-6.9629	-2.6841
16.13	1.9735	-6.9897	-2.6838
16.14	1.9036	-7.0166	-2.6835
16.15	1.8335	-7.0434	-2.6833
16.16	1.7630	-7.0703	-2.6830
16.17	1.6923	-7.0971	-2.6828
16.18	1.6214	-7.1239	-2.6825
16.19	1.5501	-7.1507	-2.6823
16.20	1.4786	-7.1776	-2.6820
16.21	1.4068	-7.2044	-2.6817
16.22	1.3348	-7.2312	-2.6815
16.23	1.2625	-7.2580	-2.6812
16.24	1.1899	-7.2848	-2.6810
16.25	1.1171	-7.3116	-2.6808
16.26	1.0439	-7.3384	-2.6805
16.27	0.9706	-7.3652	-2.6803
16.28	0.8969	-7.3921	-2.6800
16.29	0.8230	-7.4189	-2.6798
16.30	0.7488	-7.4456	-2.6795
16.31	0.6743	-7.4724	-2.6793
16.32	0.5996	-7.4992	-2.6791
16.33	0.5246	-7.5260	-2.6788
16.34	0.4494	-7.5528	-2.6786
16.35	0.3738	-7.5796	-2.6784
16.36	0.2980	-7.6064	-2.6782
16.37	0.2220	-7.6332	-2.6779
16.38	0.1456	-7.6599	-2.6777
16.39	0.0690	-7.6867	-2.6775
16.40	-0.0078	-7.7135	4.1151
16.41	-0.0850	-7.6723	4.1134
16.42	-0.1617	-7.6312	4.1117
16.43	-0.2380	-7.5901	4.1099
16.44	-0.3139	-7.5490	4.1082
16.45	-0.3894	-7.5079	4.1064
16.46	-0.4645	-7.4669	4.1046
16.47	-0.5391	-7.4258	4.1027
16.48	-0.6134	-7.3848	4.1009
16.49	-0.6872	-7.3438	4.0991
16.50	-0.7607	-7.3028	4.0972
16.51	-0.8337	-7.2618	4.0953
16.52	-0.9063	-7.2209	4.0934
16.53	-0.9785	-7.1799	4.0914
16.54	-1.0503	-7.1390	4.0895
16.55	-1.1217	-7.0981	4.0875
16.56	-1.1927	-7.0572	4.0856
16.57	-1.2633	-7.0164	4.0836
16.58	-1.3334	-6.9755	4.0816
16.59	-1.4032	-6.9347	4.0795
16.60	-1.4725	-6.8939	4.0775
16.61	-1.5415	-6.8532	4.0755
16.62	-1.6100	-6.8124	4.0734
16.63	-1.6781	-6.7717	4.0713
16.64	-1.7459	-6.7310	4.0692
16.65	-1.8132	-6.6903	4.0671
16.66	-1.8801	-6.6496	4.0650
16.67	-1.9466	-6.6089	4.0628
16.68	-2.0126	-6.5683	4.0607
16.69	-2.0783	-6.5277	4.0585
16.70	-2.1436	-6.4871	4.0563
16.71	-2.2085	-6.4466	4.0541
16.72	-2.2729	-6.4060	4.0519
16.73	-2.3370	-6.3655	4.0497
16.74	-2.4007	-6.3250	4.0475
16.75	-2.4639	-6.2845	4.0452
16.76	-2.5268	-6.2441	4.0430
16.77	-2.5892	-6.2036	4.0407
16.78	-2.6512	-6.1632	4.0384
16.79	-2.7129	-6.1229	4.0361
16.80	-2.7741	-6.0825	4.0338
16.81	-2.8349	-6.0422	4.0315
16.82	-2.8953	-6.0018	4.0292
16.83	-2.9554	-5.9615	4.0313
16.84	-3.0150	-5.9212	4.0336
16.85	-3.0742	-5.8809	4.0359
16.86	-3.1330	-5.8405	4.0382
16.87	-3.1914	-5.8002	4.0405
16.88	-3.2494	-5.7598	4.0428
16.89	-3.3070	-5.7193	4.0450
16.90	-3.3642	-5.6789	4.0473
16.91	-3.4210	-5.6384	4.0495
16.92	-3.4774	-5.5979	4.0517
16.93	-3.5333	-5.5574	4.0539
16.94	-3.5889	-5.5169	4.0561
16.95	-3.6441	-5.4763	4.0583
16.96	-3.6989	-5.4357	4.0605
16.97	-3.7532	-5.3951	4.0626
16.98	-3.8072	-5.3545	4.0648
16.99	-3.8607	-5.3138	4.0669
17.00	-3.9138	-5.2732	4.0690
17.01	-3.9666	-5.2325	4.0711
17.02	-4.0189	-5.1918	4.0732
17.03	-4.0708	-5.1510	4.0752
17.04	-4.1223	-5.1103	4.0773
17.05	-4.1734	-5.0695	4.0793
17.06	-4.2241	-5.0287	4.0814
17.07	-4.2744	-4.9879	4.0834
17.08	-4.3243	-4.9471	4.0854
17.09	-4.3738	-4.9062	4.0873
17.10	-4.4228	-4.8653	4.0893
17.11	-4.4715	-4.8244	4.0912
17.12	-4.5197	-4.7835	4.0932
17.13	-4.5676	-4.7426	4.0951
17.14	-4.6150	-4.7016	4.0970
17.15	-4.6620	-4.6607	4.0988
17.16	-4.7086	-4.6197	4.1007
17.17	-4.7548	-4.5787	4.1025
17.18	-4.8006	-4.5377	4.1044
17.19	-4.8460	-4.4966	4.1062
17.20	-4.8909	-4.4556	4.1080
17.21	-4.9355	-4.4145	4.1097
17.22	-4.9796	-4.3734	4.1115
17.23	-5.0234	-4.3323	4.1132
17.24	-5.0667	-4.2911	4.1149
17.25	-5.1096	-4.2500	4.1166
17.26	-5.1521	-4.2088	4.1183
17.27	-5.1942	-4.1676	4.1199
17.28	-5.2359	-4.1264	4.1215
17.29	-5.2771	-4.0852	4.1231
17.30	-5.3180	-4.0440	4.1247
17.31	-5.3584	-4.0027	4.1263
17.32	-5.3984	-3.9615	4.1278
17.33	-5.4381	-3.9202	4.1294
17.34	-5.4773	-3.8789	4.1309
17.35	-5.5161	-3.8376	4.1323
17.36	-5.5544	-3.7963	4.1338
17.37	-5.5924	-3.7549	4.1352
17.38	-5.6299	-3.7136	4.1366
17.39	-5.6671	-3.6722	4.1380
17.40	-5.7038	-3.6308	4.1393
17.41	-5.7401	-3.5894	4.1407
17.42	-5.7760	-3.5480	4.1420
17.43	-5.8115	-3.5066	4.1432
17.44	-5.8465	-3.4652	4.1445
17.45	-5.8812	-3.4237	4.1457
17.46	-5.9154	-3.3823	4.1469
17.47	-5.9493	-3.3408	4.1481
17.48	-5.9827	-3.2993	4.1492
17.49	-6.0157	-3.2578	4.1503
17.50	-6.0482	-3.2163	4.1514
17.51	-6.0804	-3.1748	4.1525
17.52	-6.1122	-3.1333	4.1535
17.53	-6.1435	-3.0918	4.1545
17.54	-6.1744	-3.0502	4.1555
17.55	-6.2049	-3.0087	4.1564
17.56	-6.2350	-2.9671	4.1573
17.57	-6.2647	-2.9255	4.1582
17.58	-6.2939	-2.8839	4.1590
17.59	-6.3228	-2.8424	4.1598
17.60	-6.3512	-2.8008	4.1606
17.61	-6.3792	-2.7591	4.1613
17.62	-6.4068	-2.7175	4.1621
17.63	-6.4340	-2.6759	4.1627
17.64	-6.4607	-2.6343	4.1634
17.65	-6.4871	-2.5927	4.1640
17.66	-6.5130	-2.5510	4.1645
17.67	-6.5385	-2.5094	4.1651
17.68	-6.5636	-2.4677	4.1656
17.69	-6.5883	-2.4261	4.1660
17.70	-6.6125	-2.3844	4.1664
17.71	-6.6364	-2.3427	4.1668
17.72	-6.6598	-2.3011	4.1671
17.73	-6.6828	-2.2594	4.1674
17.74	-6.7054	-2.2177	4.1677
17.75	-6.7276	-2.1760	4.1679
17.76	-6.7493	-2.1344	4.1681
17.77	-6.7707	-2.0927	4.1682
17.78	-6.7916	-2.0510	4.1683
17.79	-6.8121	-2.0093	4.1683
17.80	-6.8322	-1.9676	4.1683
17.81	-6.8519	-1.9260	4.1683
17.82	-6.8711	-1.8843	4.1683
17.83	-6.8900	-1.8426	4.1683
17.84	-6.9084	-1.8009	4.1683
17.85	-6.9264	-1.7592	4.1683
17.86	-6.9440	-1.7175	4.1683
17.87	-6.9612	-1.6759	4.1683
17.88	-6.9780	-1.6342	4.1683
17.89	-6.9943	-1.5925	4.1683
17.90	-7.0102	-1.5508	4.1683
17.91	-7.0257	-1.5091	4.1683
17.92	-7.0408	-1.4674	4.1683
17.93	-7.0555	-1.4258	4.1683
17.94	-7.0698	-1.3841	4.1683
17.95	-7.0836	-1.3424	4.1683
17.96	-7.0970	-1.3007	4.1683
17.97	-7.1100	-1.2590	4.1683
17.98	-7.1226	-1.2173	4.1683
17.99	-7.1348	-1.1757	4.1683
18.00	-7.1465	-1.1340	4.1683
18.01	-7.1579	-1.0923	4.1683
18.02	-7.1688	-1.0506	4.1683
18.03	-7.1793	-1.0089	4.1683
18.04	-7.1894	-0.9672	4.1683
18.05	-7.1991	-0.9256	4.1683
18.06	-7.2083	-0.8839	4.1683
18.07	-7.2172	-0.8422	4.1683
18.08	-7.2256	-0.8005	4.1683
18.09	-7.2336	-0.7588	4.1683
18.10	-7.2412	-0.7171	4.1683
18.11	-7.2484	-0.6755	4.1683
18.12	-7.2551	-0.6338	4.1683
18.13	-7.2614	-0.5921	4.1683
18.14	-7.2674	-0.5504	4.1683
18.15	-7.2729	-0.5087	4.1683
18.16	-7.2780	-0.4670	4.1683
18.17	-7.2826	-0.4254	4.1683
18.18	-7.2869	-0.3837	4.1683
18.19	-7.2907	-0.3420	4.1683
18.20	-7.2941	-0.3003	4.1683
18.21	-7.2971	-0.2586	4.1683
18.22	-7.2997	-0.2169	4.1683
18.23	-7.3019	-0.1753	4.1683
18.24	-7.3036	-0.1336	4.1683
18.25	-7.3050	-0.0919	4.1683
18.26	-7.3059	-0.0502	4.1683
18.27	-7.3064	-0.0085	4.1683
18.28	-7.3065	0.0332	2.6667
18.29	-7.3062	0.0598	2.6667
18.30	-7.3056	0.0865	2.6667
18.31	-7.3047	0.1132	2.6667
18.32	-7.3036	0.1398	2.6667
18.33	-7.3022	0.1665	2.6667
18.34	-7.3005	0.1932	2.6667
18.35	-7.2986	0.2198	2.6667
18.36	-7.2964	0.2465	2.6667
18.37	-7.2939	0.2732	2.6667
18.38	-7.2912	0.2998	2.6667
18.39	-7.2882	0.3265	2.6667
18.40	-7.2849	0.3532	2.6667
18.41	-7.2814	0.3798	2.6667
18.42	-7.2776	0.4065	2.6667
18.43	-7.2735	0.4332	2.6667
18.44	-7.2692	0.4598	2.6667
18.45	-7.2646	0.4865	2.6667
18.46	-7.2597	0.5132	2.6667
18.47	-7.2546	0.5398	2.6667
18.48	-7.2492	0.5665	2.6667
18.49	-7.2435	0.5932	2.6667
18.50	-7.2376	0.6198	2.6667
18.51	-7.2314	0.6465	2.6667
18.52	-7.2249	0.6732	2.6667
18.53	-7.2182	0.6998	2.6667
18.54	-7.2112	0.7265	2.6667
18.55	-7.2039	0.7532	2.6667
18.56	-7.1964	0.7798	2.6667
18.57	-7.1886	0.8065	2.6667
18.58	-7.1805	0.8332	2.6667
18.59	-7.1722	0.8598	2.6667
18.60	-7.1636	0.8865	2.6667
18.61	-7.1547	0.9132	2.6667
18.62	-7.1456	0.9398	2.6667
18.63	-7.1362	0.9665	2.6667
18.64	-7.1266	0.9932	2.6667
18.65	-7.1166	1.0198	2.6667
18.66	-7.1064	1.0465	2.6667
18.67	-7.0960	1.0732	2.6667
18.68	-7.0852	1.0998	2.6667
18.69	-7.0742	1.1265	2.6667
18.70	-7.0630	1.1532	2.6667
18.71	-7.0514	1.1798	2.6667
18.72	-7.0396	1.2065	2.6667
18.73	-7.0276	1.2332	2.6667
18.74	-7.0152	1.2598	2.6667
18.75	-7.0026	1.2865	2.6667
18.76	-6.9898	1.3132	2.6667
18.77	-6.9766	1.3398	2.6667
18.78	-6.9632	1.3665	2.6667
18.79	-6.9496	1.3932	2.6667
18.80	-6.9356	1.4198	2.6667
18.81	-6.9214	1.4465	2.6667
18.82	-6.9070	1.4732	2.6667
18.83	-6.8923	1.4998	2.6667
18.84	-6.8773	1.5265	2.6667
18.85	-6.8620	1.5532	2.6667
18.86	-6.8465	1.5798	2.6667
18.87	-6.8307	1.6065	2.6667
18.88	-6.8146	1.6332	2.6667
18.89	-6.7983	1.6598	2.6667
18.90	-6.7817	1.6865	2.6667
18.91	-6.7648	1.7132	2.6667
18.92	-6.7477	1.7398	2.6667
18.93	-6.7303	1.7665	2.6667
18.94	-6.7126	1.7932	2.6667
18.95	-6.6947	1.8198	2.6667
18.96	-6.6765	1.8465	2.6667
18.97	-6.6580	1.8732	2.6667
18.98	-6.6393	1.8998	2.6667
18.99	-6.6203	1.9265	2.6667
19.00	-6.6010	1.9532	2.6667
19.01	-6.5815	1.9798	2.6667
19.02	-6.5617	2.0065	2.6667
19.03	-6.5416	2.0332	2.6667
19.04	-6.5213	2.0598	2.6667
19.05	-6.5007	2.0865	2.6667
19.06	-6.4798	2.1132	2.6667
19.07	-6.4587	2.1398	2.6667
19.08	-6.4373	2.1665	2.6667
19.09	-6.4156	2.1932	2.6668
19.10	-6.3937	2.2198	2.6668
19.11	-6.3715	2.2465	2.6668
19.12	-6.3490	2.2732	2.6669
19.13	-6.3263	2.2998	2.6669
19.14	-6.3033	2.3265	2.6669
19.15	-6.2800	2.3532	2.6670
19.16	-6.2565	2.3798	2.6670
19.17	-6.2327	2.4065	2.6671
19.18	-6.2086	2.4332	2.6671
19.19	-6.1843	2.4599	2.6672
19.20	-6.1597	2.4865	2.6672
19.21	-6.1348	2.5132	2.6673
19.22	-6.1097	2.5399	2.6674
19.23	-6.0843	2.5665	2.6674
19.24	-6.0587	2.5932	2.6675
19.25	-6.0327	2.6199	2.6676
19.26	-6.0065	2.6466	2.6677
19.27	-5.9801	2.6732	2.6678
19.28	-5.9533	2.6999	2.6678
19.29	-5.9263	2.7266	2.6679
19.30	-5.8991	2.7533	2.6680
19.31	-5.8715	2.7800	2.6681
19.32	-5.8437	2.8066	2.6682
19.33	-5.8157	2.8333	2.6683
19.34	-5.7873	2.8600	2.6684
19.35	-5.7587	2.8867	2.6685
19.36	-5.7299	2.9134	2.6686
19.37	-5.7007	2.9401	2.6687
19.38	-5.6713	2.9668	2.6688
19.39	-5.6417	2.9934	2.6690
19.40	-5.6117	3.0201	2.6691
19.41	-5.5815	3.0468	2.6692
19.42	-5.5511	3.0735	2.6693
19.43	-5.5203	3.1002	2.6694
19.44	-5.4893	3.1269	2.6696
19.45	-5.4580	3.1536	2.6697
19.46	-5.4265	3.1803	2.6698
19.47	-5.3947	3.2070	2.6700
19.48	-5.3626	3.2337	2.6701
19.49	-5.3303	3.2604	2.6702
19.50	-5.2977	3.2871	2.6704
19.51	-5.2648	3.3138	2.6705
19.52	-5.2317	3.3405	2.6707
19.53	-5.1983	3.3672	2.6708
19.54	-5.1646	3.3939	2.6710
19.55	-5.1307	3.4206	2.6711
19.56	-5.0965	3.4473	2.6713
19.57	-5.0620	3.4741	2.6714
19.58	-5.0273	3.5008	2.6716
19.59	-4.9922	3.5275	2.6718
19.60	-4.9570	3.5542	2.6719
19.61	-4.9214	3.5809	2.6721
19.62	-4.8856	3.6076	2.6723
19.63	-4.8495	3.6344	2.6724
19.64	-4.8132	3.6611	2.6726
19.65	-4.7766	3.6878	2.6728
19.66	-4.7397	3.7145	2.6730
19.67	-4.7026	3.7413	2.6732
19.68	-4.6652	3.7680	2.6733
19.69	-4.6275	3.7947	2.6735
19.70	-4.5895	3.8215	2.6737
19.71	-4.5513	3.8482	2.6739
19.72	-4.5128	3.8749	2.6741
19.73	-4.4741	3.9017	2.6743
19.74	-4.4351	3.9284	2.6745
19.75	-4.3958	3.9552	2.6747
19.76	-4.3562	3.9819	2.6749
19.77	-4.3164	4.0087	2.6751
19.78	-4.2763	4.0354	2.6753
19.79	-4.2360	4.0622	2.6755
19.80	-4.1953	4.0889	2.6757
19.81	-4.1545	4.1157	2.6759
19.82	-4.1133	4.1424	2.6761
19.83	-4.0719	4.1692	2.6763
19.84	-4.0302	4.1960	2.6765
19.85	-3.9882	4.2227	2.6767
19.86	-3.9460	4.2495	2.6770
19.87	-3.9035	4.2763	2.6772
19.88	-3.8607	4.3030	2.6774
19.89	-3.8177	4.3298	2.6776
19.90	-3.7744	4.3566	2.6778
19.91	-3.7308	4.3834	2.6781
19.92	-3.6870	4.4102	2.6783
19.93	-3.6429	4.4369	2.6785
19.94	-3.5985	4.4637	2.6788
19.95	-3.5539	4.4905	2.6790
19.96	-3.5090	4.5173	2.6792
19.97	-3.4638	4.5441	2.6795
19.98	-3.4184	4.5709	2.6797
19.99	-3.3727	4.5977	2.6799
20.00	-3.3267	4.6245	2.6802
20.01	-3.2804	4.6513	2.6804
20.02	-3.2339	4.6781	2.6807
20.03	-3.1872	4.7049	2.6809
20.04	-3.1401	4.7317	2.6812
20.05	-3.0928	4.7585	2.6814
20.06	-3.0452	4.7853	2.6817
20.07	-2.9974	4.8121	2.6819
20.08	-2.9492	4.8390	2.6822
20.09	-2.9008	4.8658	2.6824
20.10	-2.8522	4.8926	2.6827
20.11	-2.8033	4.9194	2.6829
20.12	-2.7541	4.9463	2.6832
20.13	-2.7046	4.9731	2.6834
20.14	-2.6549	4.9999	2.6837
20.15	-2.6049	5.0268	2.6840
20.16	-2.5546	5.0536	2.6842
20.17	-2.5041	5.0805	2.6845
20.18	-2.4533	5.1073	2.6848
20.19	-2.4022	5.1341	2.6850
20.20	-2.3508	5.1610	2.6853
20.21	-2.2992	5.1878	2.6856
20.22	-2.2474	5.2147	2.6859
20.23	-2.1952	5.2416	2.6861
20.24	-2.1428	5.2684	2.6864
20.25	-2.0901	5.2953	2.6867
20.26	-2.0372	5.3222	2.6870
20.27	-1.9839	5.3490	2.6873
20.28	-1.9304	5.3759	2.6875
20.29	-1.8767	5.4028	2.6878
20.30	-1.8227	5.4297	2.6881
20.31	-1.7684	5.4565	2.6884
20.32	-1.7138	5.4834	2.6887
20.33	-1.6590	5.5103	2.6890
20.34	-1.6039	5.5372	2.6893
20.35	-1.5485	5.5641	2.6896
20.36	-1.4928	5.5910	2.6898
20.37	-1.4369	5.6179	2.6901
20.38	-1.3808	5.6448	2.6904
20.39	-1.3243	5.6717	2.6907
20.40	-1.2676	5.6986	2.6910
20.41	-1.2106	5.7255	2.6913
20.42	-1.1534	5.7524	2.6916
20.43	-1.0958	5.7793	2.6919
20.44	-1.0380	5.8063	2.6922
20.45	-0.9800	5.8332	2.6925
20.46	-0.9216	5.8601	2.6928
20.47	-0.8630	5.8870	2.6931
20.48	-0.8042	5.9140	2.6935
20.49	-0.7450	5.9409	2.6938
20.50	-0.6856	5.9678	2.6941
20.51	-0.6259	5.9948	2.6944
20.52	-0.5660	6.0217	2.6942
20.53	-0.5058	6.0487	2.6939
20.54	-0.4453	6.0756	2.6936
20.55	-0.3845	6.1025	2.6933
20.56	-0.3235	6.1295	2.6930
20.57	-0.2622	6.1564	2.6927
20.58	-0.2007	6.1833	2.6923
20.59	-0.1388	6.2102	2.6920
20.60	-0.0767	6.2372	2.6917
20.61	-0.0143	6.2641	2.6914
20.62	0.0483	6.2910	-4.0456
20.63	0.1112	6.2505	-4.0433
20.64	0.1737	6.2101	-4.0411
20.65	0.2358	6.1697	-4.0388
20.66	0.2975	6.1293	-4.0365
20.67	0.3588	6.0889	-4.0342
20.68	0.4197	6.0486	-4.0319
20.69	0.4802	6.0083	-4.0296
20.70	0.5403	5.9680	-4.0309
20.71	0.5999	5.9277	-4.0332
20.72	0.6592	5.8873	-4.0355
20.73	0.7181	5.8470	-4.0378
20.74	0.7766	5.8066	-4.0401
20.75	0.8346	5.7662	-4.0424
20.76	0.8923	5.7258	-4.0447
20.77	0.9495	5.6853	-4.0469
20.78	1.0064	5.6449	-4.0491
20.79	1.0629	5.6044	-4.0514
20.80	1.1189	5.5639	-4.0536
20.81	1.1745	5.5233	-4.0558
20.82	1.2298	5.4828	-4.0579
20.83	1.2846	5.4422	-4.0601
20.84	1.3390	5.4016	-4.0623
20.85	1.3930	5.3610	-4.0644
20.86	1.4466	5.3203	-4.0665
20.87	1.4998	5.2797	-4.0687
20.88	1.5526	5.2390	-4.0708
20.89	1.6050	5.1983	-4.0728
20.90	1.6570	5.1575	-4.0749
20.91	1.7086	5.1168	-4.0770
20.92	1.7598	5.0760	-4.0790
20.93	1.8105	5.0352	-4.0810
20.94	1.8609	4.9944	-4.0830
20.95	1.9108	4.9536	-4.0850
20.96	1.9603	4.9127	-4.0870
20.97	2.0095	4.8719	-4.0890
20.98	2.0582	4.8310	-4.0909
20.99	2.1065	4.7901	-4.0929
21.00	2.1544	4.7491	-4.0948
21.01	2.2019	4.7082	-4.0967
21.02	2.2490	4.6672	-4.0986
21.03	2.2957	4.6262	-4.1004
21.04	2.3419	4.5852	-4.1023
21.05	2.3878	4.5442	-4.1041
21.06	2.4332	4.5032	-4.1059
21.07	2.4782	4.4621	-4.1077
21.08	2.5229	4.4210	-4.1094
21.09	2.5671	4.3799	-4.1112
21.10	2.6109	4.3388	-4.1129
21.11	2.6543	4.2977	-4.1146
21.12	2.6972	4.2566	-4.1163
21.13	2.7398	4.2154	-4.1180
21.14	2.7820	4.1742	-4.1197
21.15	2.8237	4.1330	-4.1213
21.16	2.8650	4.0918	-4.1229
21.17	2.9059	4.0506	-4.1245
21.18	2.9465	4.0093	-4.1260
21.19	2.9865	3.9681	-4.1276
21.20	3.0262	3.9268	-4.1291
21.21	3.0655	3.8855	-4.1306
21.22	3.1043	3.8442	-4.1321
21.23	3.1428	3.8029	-4.1335
21.24	3.1808	3.7615	-4.1350
21.25	3.2184	3.7202	-4.1364
21.26	3.2556	3.6788	-4.1378
21.27	3.2924	3.6374	-4.1391
21.28	3.3288	3.5961	-4.1404
21.29	3.3648	3.5547	-4.1418
21.30	3.4003	3.5132	-4.1430
21.31	3.4354	3.4718	-4.1443
21.32	3.4702	3.4304	-4.1455
21.33	3.5045	3.3889	-4.1467
21.34	3.5383	3.3474	-4.1479
21.35	3.5718	3.3060	-4.1490
21.36	3.6049	3.2645	-4.1502
21.37	3.6375	3.2230	-4.1512
21.38	3.6698	3.1815	-4.1523
21.39	3.7016	3.1399	-4.1533
21.40	3.7330	3.0984	-4.1543
21.41	3.7640	3.0569	-4.1553
21.42	3.7945	3.0153	-4.1563
21.43	3.8247	2.9737	-4.1572
21.44	3.8544	2.9322	-4.1580
21.45	3.8837	2.8906	-4.1589
21.46	3.9126	2.8490	-4.1597
21.47	3.9411	2.8074	-4.1605
21.48	3.9692	2.7658	-4.1612
21.49	3.9969	2.7242	-4.1619
21.50	4.0241	2.6826	-4.1626
21.51	4.0509	2.6409	-4.1633
21.52	4.0773	2.5993	-4.1639
21.53	4.1033	2.5577	-4.1644
21.54	4.1289	2.5160	-4.1650
21.55	4.1541	2.4744	-4.1655
21.56	4.1788	2.4327	-4.1659
21.57	4.2031	2.3911	-4.1664
21.58	4.2271	2.3494	-4.1667
21.59	4.2505	2.3077	-4.1671
21.60	4.2736	2.2661	-4.1674
21.61	4.2963	2.2244	-4.1677
21.62	4.3185	2.1827	-4.1679
21.63	4.3404	2.1410	-4.1681
21.64	4.3618	2.0993	-4.1682
21.65	4.3828	2.0577	-4.1683
21.66	4.4033	2.0160	-4.1683
21.67	4.4235	1.9743	-4.1683
21.68	4.4432	1.9326	-4.1683
21.69	4.4626	1.8909	-4.1683
21.70	4.4815	1.8492	-4.1683
21.71	4.5000	1.8076	-4.1683
21.72	4.5180	1.7659	-4.1683
21.73	4.5357	1.7242	-4.1683
21.74	4.5529	1.6825	-4.1683
21.75	4.5698	1.6408	-4.1683
21.76	4.5862	1.5991	-4.1683
21.77	4.6022	1.5575	-4.1683
21.78	4.6177	1.5158	-4.1683
21.79	4.6329	1.4741	-4.1683
21.80	4.6476	1.4324	-4.1683
21.81	4.6620	1.3907	-4.1683
21.82	4.6759	1.3490	-4.1683
21.83	4.6894	1.3074	-4.1683
21.84	4.7024	1.2657	-4.1683
21.85	4.7151	1.2240	-4.1683
21.86	4.7273	1.1823	-4.1683
21.87	4.7392	1.1406	-4.1683
21.88	4.7506	1.0989	-4.1683
21.89	4.7616	1.0573	-4.1683
21.90	4.7721	1.0156	-4.1683
21.91	4.7823	0.9739	-4.1683
21.92	4.7920	0.9322	-4.1683
21.93	4.8013	0.8905	-4.1683
21.94	4.8102	0.8488	-4.1683
21.95	4.8187	0.8072	-4.1683
21.96	4.8268	0.7655	-4.1683
21.97	4.8345	0.7238	-4.1683
21.98	4.8417	0.6821	-4.1683
21.99	4.8485	0.6404	-4.1683
22.00	4.8549	0.5987	-4.1683
22.01	4.8609	0.5571	-4.1683
22.02	4.8665	0.5154	-4.1683
22.03	4.8716	0.4737	-4.1683
22.04	4.8764	0.4320	-4.1683
22.05	4.8807	0.3903	-4.1683
22.06	4.8846	0.3486	-4.1683
22.07	4.8881	0.3070	-4.1683
22.08	4.8912	0.2653	-4.1683
22.09	4.8938	0.2236	-4.1683
22.10	4.8960	0.1819	-4.1683
22.11	4.8979	0.1402	-4.1683
22.12	4.8993	0.0985	-4.1683
22.13	4.9002	0.0569	-4.1683
22.14	4.9008	0.0152	-4.1683
22.15	4.9010	-0.0265	-2.6667
22.16	4.9007	-0.0532	-2.6667
22.17	4.9002	-0.0798	-2.6667
22.18	4.8994	-0.1065	-2.6667
22.19	4.8983	-0.1332	-2.6667
22.20	4.8970	-0.1598	-2.6667
22.21	4.8954	-0.1865	-2.6667
22.22	4.8935	-0.2132	-2.6667
22.23	4.8914	-0.2398	-2.6667
22.24	4.8890	-0.2665	-2.6667
22.25	4.8863	-0.2932	-2.6667
22.26	4.8834	-0.3198	-2.6667
22.27	4.8802	-0.3465	-2.6667
22.28	4.8767	-0.3732	-2.6667
22.29	4.8730	-0.3998	-2.6667
22.30	4.8690	-0.4265	-2.6667
22.31	4.8647	-0.4532	-2.6667
22.32	4.8602	-0.4798	-2.6667
22.33	4.8554	-0.5065	-2.6667
22.34	4.8503	-0.5332	-2.6667
22.35	4.8450	-0.5598	-2.6667
22.36	4.8394	-0.5865	-2.6667
22.37	4.8335	-0.6132	-2.6667
22.38	4.8274	-0.6398	-2.6667
22.39	4.8210	-0.6665	-2.6667
22.40	4.8143	-0.6932	-2.6667
22.41	4.8074	-0.7198	-2.6667
22.42	4.8002	-0.7465	-2.6667
22.43	4.7927	-0.7732	-2.6667
22.44	4.7850	-0.7998	-2.6667
22.45	4.7770	-0.8265	-2.6667
22.46	4.7688	-0.8532	-2.6667
22.47	4.7602	-0.8798	-2.6667
22.48	4.7514	-0.9065	-2.6667
22.49	4.7424	-0.9332	-2.6667
22.50	4.7330	-0.9598	-2.6667
22.51	4.7234	-0.9865	-2.6667
22.52	4.7136	-1.0132	-2.6667
22.53	4.7034	-1.0398	-2.6667
22.54	4.6930	-1.0665	-2.6667
22.55	4.6824	-1.0932	-2.6667
22.56	4.6714	-1.1198	-2.6667
22.57	4.6602	-1.1465	-2.6667
22.58	4.6488	-1.1732	-2.6667
22.59	4.6370	-1.1998	-2.6667
22.60	4.6250	-1.2265	-2.6667
22.61	4.6128	-1.2532	-2.6667
22.62	4.6002	-1.2798	-2.6667
22.63	4.5874	-1.3065	-2.6667
22.64	4.5744	-1.3332	-2.6667
22.65	4.5611	-1.3598	-2.6667
22.66	4.5475	-1.3865	-2.6667
22.67	4.5336	-1.4132	-2.6667
22.68	4.5195	-1.4398	-2.6667
22.69	4.5051	-1.4665	-2.6667
22.70	4.4904	-1.4932	-2.6667
22.71	4.4755	-1.5198	-2.6667
22.72	4.4603	-1.5465	-2.6667
22.73	4.4448	-1.5732	-2.6667
22.74	4.4291	-1.5998	-2.6667
22.75	4.4131	-1.6265	-2.6667
22.76	4.3968	-1.6532	-2.6667
22.77	4.3803	-1.6798	-2.6667
22.78	4.3635	-1.7065	-2.6667
22.79	4.3464	-1.7332	-2.6667
22.80	4.3291	-1.7598	-2.6667
22.81	4.3115	-1.7865	-2.6667
22.82	4.2936	-1.8132	-2.6667
22.83	4.2755	-1.8398	-2.6667
22.84	4.2571	-1.8665	-2.6667
22.85	4.2384	-1.8932	-2.6667
22.86	4.2195	-1.9198	-2.6667
22.87	4.2003	-1.9465	-2.6667
22.88	4.1808	-1.9732	-2.6667
22.89	4.1611	-1.9998	-2.6667
22.90	4.1411	-2.0265	-2.6667
22.91	4.1208	-2.0532	-2.6667
22.92	4.1003	-2.0798	-2.6667
22.93	4.0795	-2.1065	-2.6667
22.94	4.0584	-2.1332	-2.6667
22.95	4.0371	-2.1598	-2.6667
22.96	4.0155	-2.1865	-2.6668
22.97	3.9936	-2.2132	-2.6668
22.98	3.9715	-2.2398	-2.6668
22.99	3.9491	-2.2665	-2.6668
23.00	3.9264	-2.2932	-2.6669
23.01	3.9035	-2.3198	-2.6669
23.02	3.8803	-2.3465	-2.6670
23.03	3.8568	-2.3732	-2.6670
23.04	3.8331	-2.3999	-2.6671
23.05	3.8091	-2.4265	-2.6671
23.06	3.7849	-2.4532	-2.6672
23.07	3.7603	-2.4799	-2.6672
23.08	3.7355	-2.5065	-2.6673
23.09	3.7105	-2.5332	-2.6674
23.10	3.6851	-2.5599	-2.6674
23.11	3.6595	-2.5866	-2.6675
23.12	3.6337	-2.6132	-2.6676
23.13	3.6075	-2.6399	-2.6677
23.14	3.5811	-2.6666	-2.6677
23.15	3.5545	-2.6933	-2.6678
23.16	3.5275	-2.7199	-2.6679
23.17	3.5003	-2.7466	-2.6680
23.18	3.4729	-2.7733	-2.6681
23.19	3.4451	-2.8000	-2.6682
23.20	3.4171	-2.8267	-2.6683
23.21	3.3889	-2.8533	-2.6684
23.22	3.3603	-2.8800	-2.6685
23.23	3.3315	-2.9067	-2.6686
23.24	3.3025	-2.9334	-2.6687
23.25	3.2731	-2.9601	-2.6688
23.26	3.2435	-2.9868	-2.6689
23.27	3.2137	-3.0135	-2.6690
23.28	3.1835	-3.0402	-2.6692
23.29	3.1531	-3.0668	-2.6693
23.30	3.1225	-3.0935	-2.6694
23.31	3.0915	-3.1202	-2.6695
23.32	3.0603	-3.1469	-2.6697
23.33	3.0288	-3.1736	-2.6698
23.34	2.9971	-3.2003	-2.6699
23.35	2.9651	-3.2270	-2.6701
23.36	2.9328	-3.2537	-2.6702
23.37	2.9003	-3.2804	-2.6703
23.38	2.8675	-3.3071	-2.6705
23.39	2.8344	-3.3338	-2.6706
23.40	2.8011	-3.3605	-2.6708
23.41	2.7675	-3.3872	-2.6709
23.42	2.7336	-3.4140	-2.6711
23.43	2.6995	-3.4407	-2.6712
23.44	2.6651	-3.4674	-2.6714
23.45	2.6304	-3.4941	-2.6716
23.46	2.5954	-3.5208	-2.6717
23.47	2.5602	-3.5475	-2.6719
23.48	2.5248	-3.5742	-2.6721
23.49	2.4890	-3.6010	-2.6722
23.50	2.4530	-3.6277	-2.6724
23.51	2.4167	-3.6544	-2.6726
23.52	2.3802	-3.6811	-2.6727
23.53	2.3434	-3.7079	-2.6729
23.54	2.3063	-3.7346	-2.6731
23.55	2.2690	-3.7613	-2.6733
23.56	2.2313	-3.7881	-2.6735
23.57	2.1935	-3.8148	-2.6737
23.58	2.1553	-3.8415	-2.6738
23.59	2.1169	-3.8683	-2.6740
23.60	2.0782	-3.8950	-2.6742
23.61	2.0393	-3.9218	-2.6744
23.62	2.0000	-3.9485	-2.6746
23.63	1.9606	-3.9752	-2.6748
23.64	1.9208	-4.0020	-2.6750
23.65	1.8808	-4.0287	-2.6752
23.66	1.8405	-4.0555	-2.6754
23.67	1.8000	-4.0822	-2.6756
23.68	1.7591	-4.1090	-2.6758
23.69	1.7180	-4.1358	-2.6760
23.70	1.6767	-4.1625	-2.6763
23.71	1.6351	-4.1893	-2.6765
23.72	1.5932	-4.2161	-2.6767
23.73	1.5510	-4.2428	-2.6769
23.74	1.5086	-4.2696	-2.6771
23.75	1.4659	-4.2964	-2.6773
23.76	1.4229	-4.3231	-2.6776
23.77	1.3797	-4.3499	-2.6778
23.78	1.3362	-4.3767	-2.6780
23.79	1.2924	-4.4035	-2.6782
23.80	1.2484	-4.4302	-2.6785
23.81	1.2041	-4.4570	-2.6787
23.82	1.1595	-4.4838	-2.6789
23.83	1.1147	-4.5106	-2.6792
23.84	1.0696	-4.5374	-2.6794
23.85	1.0242	-4.5642	-2.6796
23.86	0.9785	-4.5910	-2.6799
23.87	0.9326	-4.6178	-2.6801
23.88	0.8865	-4.6446	-2.6804
23.89	0.8400	-4.6714	-2.6806
23.90	0.7933	-4.6982	-2.6808
23.91	0.7463	-4.7250	-2.6811
23.92	0.6991	-4.7518	-2.6813
23.93	0.6516	-4.7786	-2.6816
23.94	0.6038	-4.8054	-2.6818
23.95	0.5557	-4.8323	-2.6821
23.96	0.5074	-4.8591	-2.6823
23.97	0.4588	-4.8859	-2.6826
23.98	0.4099	-4.9127	-2.6829
23.99	0.3608	-4.9396	-2.6831
24.00	0.3114	-4.9664	-2.6834
24.01	0.2618	-4.9932	-2.6836
24.02	0.2118	-5.0201	-2.6839
24.03	0.1616	-5.0469	-2.6842
24.04	0.1111	-5.0737	-2.6844
24.05	0.0604	-5.1006	-2.6847
24.06	0.0094	-5.1274	-2.6850
24.07	-0.0419	-5.1543	4.0751
24.08	-0.0934	-5.1135	4.0771
24.09	-0.1445	-5.0728	4.0792
24.10	-0.1953	-5.0320	4.0812
24.11	-0.2456	-4.9912	4.0832
24.12	-0.2955	-4.9503	4.0852
24.13	-0.3450	-4.9095	4.0872
24.14	-0.3941	-4.8686	4.0891
24.15	-0.4428	-4.8277	4.0911
24.16	-0.4911	-4.7868	4.0930
24.17	-0.5389	-4.7459	4.0949
24.18	-0.5864	-4.7049	4.0968
24.19	-0.6334	-4.6640	4.0987
24.20	-0.6801	-4.6230	4.1006
24.21	-0.7263	-4.5820	4.1024
24.22	-0.7721	-4.5409	4.1042
24.23	-0.8175	-4.4999	4.1060
24.24	-0.8625	-4.4588	4.1078
24.25	-0.9071	-4.4178	4.1096
24.26	-0.9513	-4.3767	4.1113
24.27	-0.9951	-4.3356	4.1131
24.28	-1.0384	-4.2944	4.1148
24.29	-1.0814	-4.2533	4.1165
24.30	-1.1239	-4.2121	4.1181
24.31	-1.1660	-4.1709	4.1198
24.32	-1.2077	-4.1297	4.1214
24.33	-1.2490	-4.0885	4.1230
24.34	-1.2899	-4.0473	4.1246
24.35	-1.3304	-4.0060	4.1262
24.36	-1.3705	-3.9648	4.1277
24.37	-1.4101	-3.9235	4.1292
24.38	-1.4493	-3.8822	4.1307
24.39	-1.4882	-3.8409	4.1322
24.40	-1.5266	-3.7996	4.1337
24.41	-1.5646	-3.7582	4.1351
24.42	-1.6021	-3.7169	4.1365
24.43	-1.6393	-3.6755	4.1379
24.44	-1.6761	-3.6341	4.1392
24.45	-1.7124	-3.5928	4.1406
24.46	-1.7483	-3.5513	4.1419
24.47	-1.7839	-3.5099	4.1431
24.48	-1.8190	-3.4685	4.1444
24.49	-1.8536	-3.4271	4.1456
24.50	-1.8879	-3.3856	4.1468
24.51	-1.9218	-3.3441	4.1480
24.52	-1.9552	-3.3027	4.1491
24.53	-1.9882	-3.2612	4.1502
24.54	-2.0208	-3.2197	4.1513
24.55	-2.0530	-3.1781	4.1524
24.56	-2.0848	-3.1366	4.1534
24.57	-2.1162	-3.0951	4.1544
24.58	-2.1471	-3.0535	4.1554
24.59	-2.1777	-3.0120	4.1563
24.60	-2.2078	-2.9704	4.1572
24.61	-2.2375	-2.9289	4.1581
24.62	-2.2668	-2.8873	4.1590
24.63	-2.2957	-2.8457	4.1598
24.64	-2.3241	-2.8041	4.1605
24.65	-2.3522	-2.7625	4.1613
24.66	-2.3798	-2.7209	4.1620
24.67	-2.4070	-2.6792	4.1627
24.68	-2.4338	-2.6376	4.1633
24.69	-2.4602	-2.5960	4.1639
24.70	-2.4861	-2.5543	4.1645
24.71	-2.5117	-2.5127	4.1650
24.72	-2.5368	-2.4711	4.1655
24.73	-2.5615	-2.4294	4.1660
24.74	-2.5858	-2.3877	4.1664
24.75	-2.6097	-2.3461	4.1668
24.76	-2.6331	-2.3044	4.1671
24.77	-2.6562	-2.2627	4.1674
24.78	-2.6788	-2.2211	4.1677
24.79	-2.7010	-2.1794	4.1679
24.80	-2.7228	-2.1377	4.1681
24.81	-2.7442	-2.0960	4.1682
24.82	-2.7651	-2.0543	4.1683
24.83	-2.7857	-2.0127	4.1683
24.84	-2.8058	-1.9710	4.1683
24.85	-2.8255	-1.9293	4.1683
24.86	-2.8448	-1.8876	4.1683
24.87	-2.8637	-1.8459	4.1683
24.88	-2.8822	-1.8042	4.1683
24.89	-2.9002	-1.7626	4.1683
24.90	-2.9178	-1.7209	4.1683
24.91	-2.9350	-1.6792	4.1683
24.92	-2.9518	-1.6375	4.1683
24.93	-2.9682	-1.5958	4.1683
24.94	-2.9842	-1.5541	4.1683
24.95	-2.9997	-1.5125	4.1683
24.96	-3.0148	-1.4708	4.1683
24.97	-3.0295	-1.4291	4.1683
24.98	-3.0438	-1.3874	4.1683
24.99	-3.0577	-1.3457	4.1683
25.00	-3.0711	-1.3040	4.1683
25.01	-3.0842	-1.2624	4.1683
25.02	-3.0968	-1.2207	4.1683
25.03	-3.1090	-1.1790	4.1683
25.04	-3.1208	-1.1373	4.1683
25.05	-3.1322	-1.0956	4.1683
25.06	-3.1431	-1.0539	4.1683
25.07	-3.1537	-1.0123	4.1683
25.08	-3.1638	-0.9706	4.1683
25.09	-3.1735	-0.9289	4.1683
25.10	-3.1828	-0.8872	4.1683
25.11	-3.1917	-0.8455	4.1683
25.12	-3.2001	-0.8038	4.1683
25.13	-3.2082	-0.7622	4.1683
25.14	-3.2158	-0.7205	4.1683
25.15	-3.2230	-0.6788	4.1683
25.16	-3.2298	-0.6371	4.1683
25.17	-3.2361	-0.5954	4.1683
25.18	-3.2421	-0.5537	4.1683
25.19	-3.2476	-0.5121	4.1683
25.20	-3.2528	-0.4704	4.1683
25.21	-3.2575	-0.4287	4.1683
25.22	-3.2617	-0.3870	4.1683
25.23	-3.2656	-0.3453	4.1683
25.24	-3.2691	-0.3036	4.1683
25.25	-3.2721	-0.2620	4.1683
25.26	-3.2747	-0.2203	4.1683
25.27	-3.2769	-0.1786	4.1683
25.28	-3.2787	-0.1369	4.1683
25.29	-3.2801	-0.0952	4.1683
25.30	-3.2810	-0.0535	4.1683
25.31	-3.2816	-0.0119	4.1683
25.32	-3.2817	0.0298	2.6667
25.33	-3.2814	0.0565	2.6667
25.34	-3.2808	0.0832	2.6667
25.35	-3.2800	0.1098	2.6667
25.36	-3.2789	0.1365	2.6667
25.37	-3.2775	0.1632	2.6667
25.38	-3.2759	0.1898	2.6667
25.39	-3.2740	0.2165	2.6667
25.40	-3.2718	0.2432	2.6667
25.41	-3.2694	0.2698	2.6667
25.42	-3.2667	0.2965	2.6667
25.43	-3.2637	0.3232	2.6667
25.44	-3.2605	0.3498	2.6667
25.45	-3.2570	0.3765	2.6667
25.46	-3.2532	0.4032	2.6667
25.47	-3.2492	0.4298	2.6667
25.48	-3.2449	0.4565	2.6667
25.49	-3.2404	0.4832	2.6667
25.50	-3.2355	0.5098	2.6667
25.51	-3.2304	0.5365	2.6667
25.52	-3.2251	0.5632	2.6667
25.53	-3.2194	0.5898	2.6667
25.54	-3.2135	0.6165	2.6667
25.55	-3.2074	0.6432	2.6667
25.56	-3.2009	0.6698	2.6667
25.57	-3.1942	0.6965	2.6667
25.58	-3.1873	0.7232	2.6667
25.59	-3.1800	0.7498	2.6667
25.60	-3.1725	0.7765	2.6667
25.61	-3.1648	0.8032	2.6667
25.62	-3.1567	0.8298	2.6667
25.63	-3.1484	0.8565	2.6667
25.64	-3.1399	0.8832	2.6667
25.65	-3.1310	0.9098	2.6667
25.66	-3.1220	0.9365	2.6667
25.67	-3.1126	0.9632	2.6667
25.68	-3.1030	0.9898	2.6667
25.69	-3.0931	1.0165	2.6667
25.70	-3.0829	1.0432	2.6667
25.71	-3.0725	1.0698	2.6667
25.72	-3.0618	1.0965	2.6667
25.73	-3.0508	1.1232	2.6667
25.74	-3.0396	1.1498	2.6667
25.75	-3.0281	1.1765	2.6667
25.76	-3.0163	1.2032	2.6667
25.77	-3.0043	1.2298	2.6667
25.78	-2.9920	1.2565	2.6667
25.79	-2.9794	1.2832	2.6667
25.80	-2.9666	1.3098	2.6667
25.81	-2.9535	1.3365	2.6667
25.82	-2.9401	1.3632	2.6667
25.83	-2.9265	1.3898	2.6667
25.84	-2.9126	1.4165	2.6667
25.85	-2.8984	1.4432	2.6667
25.86	-2.8840	1.4698	2.6667
25.87	-2.8693	1.4965	2.6667
25.88	-2.8543	1.5232	2.6667
25.89	-2.8391	1.5498	2.6667
25.90	-2.8236	1.5765	2.6667
25.91	-2.8078	1.6032	2.6667
25.92	-2.7918	1.6298	2.6667
25.93	-2.7755	1.6565	2.6667
25.94	-2.7589	1.6832	2.6667
25.95	-2.7421	1.7098	2.6667
25.96	-2.7250	1.7365	2.6667
25.97	-2.7076	1.7632	2.6667
25.98	-2.6900	1.7898	2.6667
25.99	-2.6721	1.8165	2.6667
26.00	-2.6539	1.8432	2.6667
26.01	-2.6355	1.8698	2.6667
26.02	-2.6168	1.8965	2.6667
26.03	-2.5978	1.9232	2.6667
26.04	-2.5786	1.9498	2.6667
26.05	-2.5591	1.9765	2.6667
26.06	-2.5394	2.0032	2.6667
26.07	-2.5193	2.0298	2.6667
26.08	-2.4990	2.0565	2.6667
26.09	-2.4785	2.0832	2.6667
26.10	-2.4576	2.1098	2.6667
26.11	-2.4365	2.1365	2.6667
26.12	-2.4152	2.1632	2.6667
26.13	-2.3935	2.1898	2.6668
26.14	-2.3716	2.2165	2.6668
26.15	-2.3495	2.2432	2.6668
26.16	-2.3270	2.2698	2.6669
26.17	-2.3043	2.2965	2.6669
26.18	-2.2814	2.3232	2.6669
26.19	-2.2581	2.3498	2.6670
26.20	-2.2346	2.3765	2.6670
26.21	-2.2109	2.4032	2.6671
26.22	-2.1868	2.4298	2.6671
26.23	-2.1625	2.4565	2.6672
26.24	-2.1380	2.4832	2.6672
26.25	-2.1132	2.5099	2.6673
26.26	-2.0881	2.5365	2.6674
26.27	-2.0627	2.5632	2.6674
26.28	-2.0371	2.5899	2.6675
26.29	-2.0112	2.6166	2.6676
26.30	-1.9850	2.6432	2.6677
26.31	-1.9586	2.6699	2.6677
26.32	-1.9319	2.6966	2.6678
26.33	-1.9049	2.7233	2.6679
26.34	-1.8777	2.7499	2.6680
26.35	-1.8502	2.7766	2.6681
26.36	-1.8224	2.8033	2.6682
26.37	-1.7944	2.8300	2.6683
26.38	-1.7661	2.8567	2.6684
26.39	-1.7375	2.8834	2.6685
26.40	-1.7087	2.9100	2.6686
26.41	-1.6796	2.9367	2.6687
26.42	-1.6502	2.9634	2.6688
26.43	-1.6206	2.9901	2.6689
26.44	-1.5907	3.0168	2.6691
26.45	-1.5605	3.0435	2.6692
26.46	-1.5301	3.0702	2.6693
26.47	-1.4994	3.0969	2.6694
26.48	-1.4684	3.1236	2.6695
26.49	-1.4372	3.1503	2.6697
26.50	-1.4056	3.1770	2.6698
26.51	-1.3739	3.2037	2.6699
26.52	-1.3418	3.2304	2.6701
26.53	-1.3095	3.2571	2.6702
26.54	-1.2770	3.2838	2.6704
26.55	-1.2441	3.3105	2.6705
26.56	-1.2110	3.3372	2.6707
26.57	-1.1777	3.3639	2.6708
26.58	-1.1440	3.3906	2.6710
26.59	-1.1101	3.4173	2.6711
26.60	-1.0759	3.4440	2.6713
26.61	-1.0415	3.4707	2.6714
26.62	-1.0068	3.4974	2.6716
26.63	-0.9718	3.5241	2.6717
26.64	-0.9366	3.5509	2.6719
26.65	-0.9011	3.5776	2.6721
26.66	-0.8653	3.6043	2.6722
26.67	-0.8292	3.6310	2.6724
26.68	-0.7929	3.6577	2.6726
26.69	-0.7564	3.6845	2.6728
26.70	-0.7195	3.7112	2.6729
26.71	-0.6824	3.7379	2.6731
26.72	-0.6450	3.7647	2.6733
26.73	-0.6074	3.7914	2.6735
26.74	-0.5695	3.8181	2.6737
26.75	-0.5313	3.8449	2.6739
26.76	-0.4928	3.8716	2.6741
26.77	-0.4541	3.8983	2.6743
26.78	-0.4151	3.9251	2.6744
26.79	-0.3759	3.9518	2.6746
26.80	-0.3364	3.9786	2.6748
26.81	-0.2966	4.0053	2.6750
26.82	-0.2565	4.0321	2.6752
26.83	-0.2162	4.0588	2.6754
26.84	-0.1756	4.0856	2.6757
26.85	-0.1348	4.1123	2.6759
26.86	-0.0936	4.1391	2.6761
26.87	-0.0522	4.1659	2.6763
26.88	-0.0106	4.1926	2.6765
26.89	0.0313	4.2194	-4.1178
26.90	0.0735	4.1782	-4.1195
26.91	0.1153	4.1370	-4.1211
26.92	0.1567	4.0958	-4.1227
26.93	0.1976	4.0546	-4.1243
26.94	0.2382	4.0133	-4.1259
26.95	0.2783	3.9721	-4.1274
26.96	0.3180	3.9308	-4.1290
26.97	0.3574	3.8895	-4.1305
26.98	0.3962	3.8482	-4.1319
26.99	0.4347	3.8069	-4.1334
27.00	0.4728	3.7656	-4.1348
27.01	0.5105	3.7242	-4.1362
27.02	0.5477	3.6828	-4.1376
27.03	0.5845	3.6415	-4.1390
27.04	0.6209	3.6001	-4.1403
27.05	0.6569	3.5587	-4.1416
27.06	0.6925	3.5173	-4.1429
27.07	0.7277	3.4758	-4.1442
27.08	0.7625	3.4344	-4.1454
27.09	0.7968	3.3929	-4.1466
27.10	0.8307	3.3515	-4.1478
27.11	0.8642	3.3100	-4.1489
27.12	0.8973	3.2685	-4.1501
27.13	0.9300	3.2270	-4.1511
27.14	0.9623	3.1855	-4.1522
27.15	0.9942	3.1440	-4.1532
27.16	1.0256	3.1024	-4.1542
27.17	1.0566	3.0609	-4.1552
27.18	1.0872	3.0193	-4.1562
27.19	1.1174	2.9778	-4.1571
27.20	1.1472	2.9362	-4.1580
27.21	1.1766	2.8946	-4.1588
27.22	1.2055	2.8530	-4.1596
27.23	1.2340	2.8114	-4.1604
27.24	1.2621	2.7698	-4.1612
27.25	1.2898	2.7282	-4.1619
27.26	1.3171	2.6866	-4.1626
27.27	1.3440	2.6450	-4.1632
27.28	1.3704	2.6033	-4.1638
27.29	1.3965	2.5617	-4.1644
27.30	1.4221	2.5201	-4.1649
27.31	1.4473	2.4784	-4.1654
27.32	1.4721	2.4368	-4.1659
27.33	1.4964	2.3951	-4.1663
27.34	1.5204	2.3534	-4.1667
27.35	1.5439	2.3118	-4.1671
27.36	1.5671	2.2701	-4.1674
27.37	1.5898	2.2284	-4.1676
27.38	1.6120	2.1868	-4.1679
27.39	1.6339	2.1451	-4.1680
27.40	1.6554	2.1034	-4.1682
27.41	1.6764	2.0617	-4.1683
27.42	1.6970	2.0200	-4.1683
27.43	1.7172	1.9783	-4.1683
27.44	1.7370	1.9367	-4.1683
27.45	1.7564	1.8950	-4.1683
27.46	1.7753	1.8533	-4.1683
27.47	1.7938	1.8116	-4.1683
27.48	1.8120	1.7699	-4.1683
27.49	1.8297	1.7282	-4.1683
27.50	1.8469	1.6866	-4.1683
27.51	1.8638	1.6449	-4.1683
27.52	1.8803	1.6032	-4.1683
27.53	1.8963	1.5615	-4.1683
27.54	1.9119	1.5198	-4.1683
27.55	1.9271	1.4781	-4.1683
27.56	1.9419	1.4365	-4.1683
27.57	1.9562	1.3948	-4.1683
27.58	1.9702	1.3531	-4.1683
27.59	1.9837	1.3114	-4.1683
27.60	1.9968	1.2697	-4.1683
27.61	2.0095	1.2280	-4.1683
27.62	2.0218	1.1864	-4.1683
27.63	2.0337	1.1447	-4.1683
27.64	2.0451	1.1030	-4.1683
27.65	2.0562	1.0613	-4.1683
27.66	2.0668	1.0196	-4.1683
27.67	2.0770	0.9779	-4.1683
27.68	2.0867	0.9363	-4.1683
27.69	2.0961	0.8946	-4.1683
27.70	2.1051	0.8529	-4.1683
27.71	2.1136	0.8112	-4.1683
27.72	2.1217	0.7695	-4.1683
27.73	2.1294	0.7278	-4.1683
27.74	2.1367	0.6862	-4.1683
27.75	2.1435	0.6445	-4.1683
27.76	2.1500	0.6028	-4.1683
27.77	2.1560	0.5611	-4.1683
27.78	2.1616	0.5194	-4.1683
27.79	2.1668	0.4777	-4.1683
27.80	2.1716	0.4361	-4.1683
27.81	2.1759	0.3944	-4.1683
27.82	2.1799	0.3527	-4.1683
27.83	2.1834	0.3110	-4.1683
27.84	2.1865	0.2693	-4.1683
27.85	2.1892	0.2276	-4.1683
27.86	2.1915	0.1860	-4.1683
27.87	2.1934	0.1443	-4.1683
27.88	2.1948	0.1026	-4.1683
27.89	2.1958	0.0609	-4.1683
27.90	2.1964	0.0192	-4.1683
27.91	2.1966	-0.0225	-2.6667
27.92	2.1964	-0.0491	-2.6667
27.93	2.1959	-0.0758	-2.6667
27.94	2.1952	-0.1025	-2.6667
27.95	2.1941	-0.1291	-2.6667
27.96	2.1928	-0.1558	-2.6667
27.97	2.1913	-0.1825	-2.6667
27.98	2.1895	-0.2091	-2.6667
27.99	2.1874	-0.2358	-2.6667
28.00	2.1850	-0.2625	-2.6667
28.01	2.1824	-0.2891	-2.6667
28.02	2.1795	-0.3158	-2.6667
28.03	2.1763	-0.3425	-2.6667
28.04	2.1729	-0.3691	-2.6667
28.05	2.1692	-0.3958	-2.6667
28.06	2.1653	-0.4225	-2.6667
28.07	2.1610	-0.4491	-2.6667
28.08	2.1565	-0.4758	-2.6667
28.09	2.1518	-0.5025	-2.6667
28.10	2.1468	-0.5291	-2.6667
28.11	2.1415	-0.5558	-2.6667
28.12	2.1359	-0.5825	-2.6667
28.13	2.1301	-0.6091	-2.6667
28.14	2.1240	-0.6358	-2.6667
28.15	2.1176	-0.6625	-2.6667
28.16	2.1110	-0.6891	-2.6667
28.17	2.1041	-0.7158	-2.6667
28.18	2.0970	-0.7425	-2.6667
28.19	2.0895	-0.7691	-2.6667
28.20	2.0818	-0.7958	-2.6667
28.21	2.0739	-0.8225	-2.6667
28.22	2.0657	-0.8491	-2.6667
28.23	2.0572	-0.8758	-2.6667
28.24	2.0484	-0.9025	-2.6667
28.25	2.0394	-0.9291	-2.6667
28.26	2.0301	-0.9558	-2.6667
28.27	2.0205	-0.9825	-2.6667
28.28	2.0107	-1.0091	-2.6667
28.29	2.0006	-1.0358	-2.6667
28.30	1.9903	-1.0625	-2.6667
28.31	1.9796	-1.0891	-2.6667
28.32	1.9688	-1.1158	-2.6667
28.33	1.9576	-1.1425	-2.6667
28.34	1.9462	-1.1691	-2.6667
28.35	1.9345	-1.1958	-2.6667
28.36	1.9225	-1.2225	-2.6667
28.37	1.9103	-1.2491	-2.6667
28.38	1.8978	-1.2758	-2.6667
28.39	1.8850	-1.3025	-2.6667
28.40	1.8720	-1.3291	-2.6667
28.41	1.8587	-1.3558	-2.6667
28.42	1.8452	-1.3825	-2.6667
28.43	1.8313	-1.4091	-2.6667
28.44	1.8173	-1.4358	-2.6667
28.45	1.8029	-1.4625	-2.6667
28.46	1.7883	-1.4891	-2.6667
28.47	1.7734	-1.5158	-2.6667
28.48	1.7582	-1.5425	-2.6667
28.49	1.7428	-1.5691	-2.6667
28.50	1.7271	-1.5958	-2.6667
28.51	1.7112	-1.6225	-2.6667
28.52	1.6949	-1.6491	-2.6667
28.53	1.6784	-1.6758	-2.6667
28.54	1.6617	-1.7025	-2.6667
28.55	1.6447	-1.7291	-2.6667
28.56	1.6274	-1.7558	-2.6667
28.57	1.6098	-1.7825	-2.6667
28.58	1.5920	-1.8091	-2.6667
28.59	1.5739	-1.8358	-2.6667
28.60	1.5555	-1.8625	-2.6667
28.61	1.5369	-1.8891	-2.6667
28.62	1.5180	-1.9158	-2.6667
28.63	1.4989	-1.9425	-2.6667
28.64	1.4794	-1.9691	-2.6667
28.65	1.4597	-1.9958	-2.6667
28.66	1.4398	-2.0225	-2.6667
28.67	1.4196	-2.0491	-2.6667
28.68	1.3991	-2.0758	-2.6667
28.69	1.3783	-2.1025	-2.6667
28.70	1.3573	-2.1291	-2.6667
28.71	1.3360	-2.1558	-2.6667
28.72	1.3144	-2.1825	-2.6668
28.73	1.2926	-2.2091	-2.6668
28.74	1.2705	-2.2358	-2.6668
28.75	1.2482	-2.2625	-2.6668
28.76	1.2255	-2.2891	-2.6669
28.77	1.2026	-2.3158	-2.6669
28.78	1.1795	-2.3425	-2.6670
28.79	1.1561	-2.3691	-2.6670
28.80	1.1324	-2.3958	-2.6671
28.81	1.1084	-2.4225	-2.6671
28.82	1.0842	-2.4491	-2.6672
28.83	1.0597	-2.4758	-2.6672
28.84	1.0349	-2.5025	-2.6673
28.85	1.0099	-2.5292	-2.6674
28.86	0.9846	-2.5558	-2.6674
28.87	0.9591	-2.5825	-2.6675
28.88	0.9332	-2.6092	-2.6676
28.89	0.9071	-2.6359	-2.6676
28.90	0.8808	-2.6625	-2.6677
28.91	0.8542	-2.6892	-2.6678
28.92	0.8273	-2.7159	-2.6679
28.93	0.8001	-2.7426	-2.6680
28.94	0.7727	-2.7693	-2.6681
28.95	0.7450	-2.7959	-2.6682
28.96	0.7170	-2.8226	-2.6683
28.97	0.6888	-2.8493	-2.6684
28.98	0.6603	-2.8760	-2.6685
28.99	0.6316	-2.9027	-2.6686
29.00	0.6025	-2.9294	-2.6687
29.01	0.5732	-2.9560	-2.6688
29.02	0.5437	-2.9827	-2.6689
29.03	0.5138	-3.0094	-2.6690
29.04	0.4838	-3.0361	-2.6691
29.05	0.4534	-3.0628	-2.6693
29.06	0.4228	-3.0895	-2.6694
29.07	0.3919	-3.1162	-2.6695
29.08	0.3607	-3.1429	-2.6696
29.09	0.3293	-3.1696	-2.6698
29.10	0.2976	-3.1963	-2.6699
29.11	0.2656	-3.2230	-2.6700
29.12	0.2334	-3.2497	-2.6702
29.13	0.2009	-3.2764	-2.6703
29.14	0.1681	-3.3031	-2.6705
29.15	0.1351	-3.3298	-2.6706
29.16	0.1018	-3.3565	-2.6708
29.17	0.0682	-3.3832	-2.6709
29.18	0.0344	-3.4099	-2.6711
29.19	0.0003	-3.4366	-2.6712
29.20	-0.0341	-3.4633	4.1445
29.21	-0.0687	-3.4219	4.1458
29.22	-0.1029	-3.3804	4.1470
29.23	-0.1367	-3.3390	4.1481
29.24	-0.1701	-3.2975	4.1493
29.25	-0.2031	-3.2560	4.1504
29.26	-0.2356	-3.2145	4.1515
29.27	-0.2678	-3.1730	4.1525
29.28	-0.2995	-3.1314	4.1535
29.29	-0.3308	-3.0899	4.1545
29.30	-0.3617	-3.0484	4.1555
29.31	-0.3922	-3.0068	4.1564
29.32	-0.4223	-2.9652	4.1573
29.33	-0.4519	-2.9237	4.1582
29.34	-0.4812	-2.8821	4.1591
29.35	-0.5100	-2.8405	4.1599
29.36	-0.5384	-2.7989	4.1606
29.37	-0.5664	-2.7573	4.1614
29.38	-0.5940	-2.7157	4.1621
29.39	-0.6211	-2.6741	4.1628
29.40	-0.6479	-2.6324	4.1634
29.41	-0.6742	-2.5908	4.1640
29.42	-0.7001	-2.5492	4.1646
29.43	-0.7256	-2.5075	4.1651
29.44	-0.7507	-2.4659	4.1656
29.45	-0.7753	-2.4242	4.1660
29.46	-0.7996	-2.3825	4.1664
29.47	-0.8234	-2.3409	4.1668
29.48	-0.8468	-2.2992	4.1672
29.49	-0.8698	-2.2575	4.1674
29.50	-0.8924	-2.2159	4.1677
29.51	-0.9145	-2.1742	4.1679
29.52	-0.9363	-2.1325	4.1681
29.53	-0.9576	-2.0908	4.1682
29.54	-0.9785	-2.0491	4.1683
29.55	-0.9990	-2.0075	4.1683
29.56	-1.0191	-1.9658	4.1683
29.57	-1.0387	-1.9241	4.1683
29.58	-1.0580	-1.8824	4.1683
29.59	-1.0768	-1.8407	4.1683
29.60	-1.0952	-1.7990	4.1683
29.61	-1.1132	-1.7574	4.1683
29.62	-1.1307	-1.7157	4.1683
29.63	-1.1479	-1.6740	4.1683
29.64	-1.1646	-1.6323	4.1683
29.65	-1.1810	-1.5906	4.1683
29.66	-1.1969	-1.5489	4.1683
29.67	-1.2124	-1.5073	4.1683
29.68	-1.2274	-1.4656	4.1683
29.69	-1.2421	-1.4239	4.1683
29.70	-1.2563	-1.3822	4.1683
29.71	-1.2702	-1.3405	4.1683
29.72	-1.2836	-1.2988	4.1683
29.73	-1.2965	-1.2572	4.1683
29.74	-1.3091	-1.2155	4.1683
29.75	-1.3213	-1.1738	4.1683
29.76	-1.3330	-1.1321	4.1683
29.77	-1.3443	-1.0904	4.1683
29.78	-1.3552	-1.0487	4.1683
29.79	-1.3657	-1.0071	4.1683
29.80	-1.3758	-0.9654	4.1683
29.81	-1.3854	-0.9237	4.1683
29.82	-1.3947	-0.8820	4.1683
29.83	-1.4035	-0.8403	4.1683
29.84	-1.4119	-0.7986	4.1683
29.85	-1.4199	-0.7570	4.1683
29.86	-1.4275	-0.7153	4.1683
29.87	-1.4346	-0.6736	4.1683
29.88	-1.4414	-0.6319	4.1683
29.89	-1.4477	-0.5902	4.1683
29.90	-1.4536	-0.5485	4.1683
29.91	-1.4591	-0.5069	4.1683
29.92	-1.4641	-0.4652	4.1683
29.93	-1.4688	-0.4235	4.1683
29.94	-1.4730	-0.3818	4.1683
29.95	-1.4768	-0.3401	4.1683
29.96	-1.4802	-0.2984	4.1683
29.97	-1.4832	-0.2568	4.1683
29.98	-1.4858	-0.2151	4.1683
29.99	-1.4879	-0.1734	4.1683
30.00	-1.4897	-0.1317	4.1683
30.01	-1.4910	-0.0900	4.1683
30.02	-1.4919	-0.0483	4.1683
30.03	-1.4924	-0.0067	4.1683
30.04	-1.4924	0.0350	2.6667
30.05	-1.4921	0.0617	2.6667
30.06	-1.4915	0.0884	2.6667
30.07	-1.4906	0.1150	2.6667
30.08	-1.4894	0.1417	2.6667
30.09	-1.4880	0.1684	2.6667
30.10	-1.4863	0.1950	2.6667
30.11	-1.4844	0.2217	2.6667
30.12	-1.4822	0.2484	2.6667
30.13	-1.4797	0.2750	2.6667
30.14	-1.4769	0.3017	2.6667
30.15	-1.4739	0.3284	2.6667
30.16	-1.4706	0.3550	2.6667
30.17	-1.4671	0.3817	2.6667
30.18	-1.4633	0.4084	2.6667
30.19	-1.4592	0.4350	2.6667
30.20	-1.4548	0.4617	2.6667
30.21	-1.4502	0.4884	2.6667
30.22	-1.4453	0.5150	2.6667
30.23	-1.4402	0.5417	2.6667
30.24	-1.4348	0.5684	2.6667
30.25	-1.4291	0.5950	2.6667
30.26	-1.4231	0.6217	2.6667
30.27	-1.4169	0.6484	2.6667
30.28	-1.4104	0.6750	2.6667
30.29	-1.4037	0.7017	2.6667
30.30	-1.3967	0.7284	2.6667
30.31	-1.3894	0.7550	2.6667
30.32	-1.3818	0.7817	2.6667
30.33	-1.3740	0.8084	2.6667
30.34	-1.3659	0.8350	2.6667
30.35	-1.3576	0.8617	2.6667
30.36	-1.3490	0.8884	2.6667
30.37	-1.3401	0.9150	2.6667
30.38	-1.3309	0.9417	2.6667
30.39	-1.3215	0.9684	2.6667
30.40	-1.3118	0.9950	2.6667
30.41	-1.3019	1.0217	2.6667
30.42	-1.2917	1.0484	2.6667
30.43	-1.2812	1.0750	2.6667
30.44	-1.2704	1.1017	2.6667
30.45	-1.2594	1.1284	2.6667
30.46	-1.2481	1.1550	2.6667
30.47	-1.2366	1.1817	2.6667
30.48	-1.2248	1.2084	2.6667
30.49	-1.2127	1.2350	2.6667
30.50	-1.2003	1.2617	2.6667
30.51	-1.1877	1.2884	2.6667
30.52	-1.1748	1.3150	2.6667
30.53	-1.1617	1.3417	2.6667
30.54	-1.1483	1.3684	2.6667
30.55	-1.1346	1.3950	2.6667
30.56	-1.1206	1.4217	2.6667
30.57	-1.1064	1.4484	2.6667
30.58	-1.0919	1.4750	2.6667
30.59	-1.0772	1.5017	2.6667
30.60	-1.0622	1.5284	2.6667
30.61	-1.0469	1.5550	2.6667
30.62	-1.0313	1.5817	2.6667
30.63	-1.0155	1.6084	2.6667
30.64	-0.9994	1.6350	2.6667
30.65	-0.9831	1.6617	2.6667
30.66	-0.9665	1.6884	2.6667
30.67	-0.9496	1.7150	2.6667
30.68	-0.9324	1.7417	2.6667
30.69	-0.9150	1.7684	2.6667
30.70	-0.8973	1.7950	2.6667
30.71	-0.8794	1.8217	2.6667
30.72	-0.8612	1.8484	2.6667
30.73	-0.8427	1.8750	2.6667
30.74	-0.8239	1.9017	2.6667
30.75	-0.8049	1.9284	2.6667
30.76	-0.7856	1.9550	2.6667
30.77	-0.7661	1.9817	2.6667
30.78	-0.7463	2.0084	2.6667
30.79	-0.7262	2.0350	2.6667
30.80	-0.7058	2.0617	2.6667
30.81	-0.6852	2.0884	2.6667
30.82	-0.6643	2.1150	2.6667
30.83	-0.6432	2.1417	2.6667
30.84	-0.6218	2.1684	2.6667
30.85	-0.6001	2.1950	2.6668
30.86	-0.5781	2.2217	2.6668
30.87	-0.5559	2.2484	2.6668
30.88	-0.5334	2.2750	2.6669
30.89	-0.5107	2.3017	2.6669
30.90	-0.4876	2.3284	2.6669
30.91	-0.4644	2.3550	2.6670
30.92	-0.4408	2.3817	2.6670
30.93	-0.4170	2.4084	2.6671
30.94	-0.3929	2.4350	2.6671
30.95	-0.3686	2.4617	2.6672
30.96	-0.3439	2.4884	2.6673
30.97	-0.3191	2.5151	2.6673
30.98	-0.2939	2.5417	2.6674
30.99	-0.2685	2.5684	2.6675
31.00	-0.2428	2.5951	2.6675
31.01	-0.2169	2.6218	2.6676
31.02	-0.1906	2.6484	2.6677
31.03	-0.1642	2.6751	2.6678
31.04	-0.1374	2.7018	2.6678
31.05	-0.1104	2.7285	2.6679
31.06	-0.0831	2.7552	2.6680
31.07	-0.0556	2.7818	2.6681
31.08	-0.0277	2.8085	2.6682
31.09	0.0004	2.8352	-4.1600
31.10	0.0287	2.7936	-4.1607
31.11	0.0566	2.7520	-4.1615
31.12	0.0842	2.7104	-4.1622
31.13	0.1113	2.6688	-4.1628
31.14	0.1380	2.6271	-4.1635
31.15	0.1642	2.5855	-4.1641
31.16	0.1901	2.5438	-4.1646
31.17	0.2155	2.5022	-4.1652
31.18	0.2405	2.4605	-4.1656
31.19	0.2651	2.4189	-4.1661
31.20	0.2893	2.3772	-4.1665
31.21	0.3131	2.3356	-4.1669
31.22	0.3365	2.2939	-4.1672
31.23	0.3594	2.2522	-4.1675
31.24	0.3819	2.2106	-4.1677
31.25	0.4040	2.1689	-4.1679
31.26	0.4257	2.1272	-4.1681
31.27	0.4470	2.0855	-4.1682
31.28	0.4678	2.0438	-4.1683
31.29	0.4883	2.0021	-4.1683
31.30	0.5083	1.9605	-4.1683
31.31	0.5279	1.9188	-4.1683
31.32	0.5471	1.8771	-4.1683
31.33	0.5659	1.8354	-4.1683
31.34	0.5842	1.7937	-4.1683
31.35	0.6022	1.7520	-4.1683
31.36	0.6197	1.7104	-4.1683
31.37	0.6368	1.6687	-4.1683
31.38	0.6535	1.6270	-4.1683
31.39	0.6697	1.5853	-4.1683
31.40	0.6856	1.5436	-4.1683
31.41	0.7010	1.5019	-4.1683
31.42	0.7160	1.4603	-4.1683
31.43	0.7306	1.4186	-4.1683
31.44	0.7448	1.3769	-4.1683
31.45	0.7586	1.3352	-4.1683
31.46	0.7720	1.2935	-4.1683
31.47	0.7849	1.2518	-4.1683
31.48	0.7974	1.2102	-4.1683
31.49	0.8095	1.1685	-4.1683
31.50	0.8212	1.1268	-4.1683
31.51	0.8325	1.0851	-4.1683
31.52	0.8433	1.0434	-4.1683
31.53	0.8538	1.0017	-4.1683
31.54	0.8638	0.9601	-4.1683
31.55	0.8734	0.9184	-4.1683
31.56	0.8826	0.8767	-4.1683
31.57	0.8913	0.8350	-4.1683
31.58	0.8997	0.7933	-4.1683
31.59	0.9076	0.7516	-4.1683
31.60	0.9151	0.7100	-4.1683
31.61	0.9222	0.6683	-4.1683
31.62	0.9289	0.6266	-4.1683
31.63	0.9352	0.5849	-4.1683
31.64	0.9410	0.5432	-4.1683
31.65	0.9464	0.5015	-4.1683
31.66	0.9515	0.4599	-4.1683
31.67	0.9561	0.4182	-4.1683
31.68	0.9602	0.3765	-4.1683
31.69	0.9640	0.3348	-4.1683
31.70	0.9674	0.2931	-4.1683
31.71	0.9703	0.2514	-4.1683
31.72	0.9728	0.2098	-4.1683
31.73	0.9749	0.1681	-4.1683
31.74	0.9766	0.1264	-4.1683
31.75	0.9778	0.0847	-4.1683
31.76	0.9787	0.0430	-4.1683
31.77	0.9791	0.0013	-4.1683
31.78	0.9791	-0.0403	-2.6667
31.79	0.9787	-0.0670	-2.6667
31.80	0.9781	-0.0937	-2.6667
31.81	0.9771	-0.1203	-2.6667
31.82	0.9759	-0.1470	-2.6667
31.83	0.9745	-0.1737	-2.6667
31.84	0.9727	-0.2003	-2.6667
31.85	0.9707	-0.2270	-2.6667
31.86	0.9684	-0.2537	-2.6667
31.87	0.9659	-0.2803	-2.6667
31.88	0.9631	-0.3070	-2.6667
31.89	0.9600	-0.3337	-2.6667
31.90	0.9567	-0.3603	-2.6667
31.91	0.9531	-0.3870	-2.6667
31.92	0.9492	-0.4137	-2.6667
31.93	0.9451	-0.4403	-2.6667
31.94	0.9407	-0.4670	-2.6667
31.95	0.9360	-0.4937	-2.6667
31.96	0.9311	-0.5203	-2.6667
31.97	0.9259	-0.5470	-2.6667
31.98	0.9204	-0.5737	-2.6667
31.99	0.9147	-0.6003	-2.6667
32.00	0.9087	-0.6270	-2.6667
32.01	0.9024	-0.6537	-2.6667
32.02	0.8959	-0.6803	-2.6667
32.03	0.8891	-0.7070	-2.6667
32.04	0.8820	-0.7337	-2.6667
32.05	0.8746	-0.7603	-2.6667
32.06	0.8670	-0.7870	-2.6667
32.07	0.8592	-0.8137	-2.6667
32.08	0.8510	-0.8403	-2.6667
32.09	0.8426	-0.8670	-2.6667
32.10	0.8340	-0.8937	-2.6667
32.11	0.8250	-0.9203	-2.6667
32.12	0.8158	-0.9470	-2.6667
32.13	0.8064	-0.9737	-2.6667
32.14	0.7966	-1.0003	-2.6667
32.15	0.7866	-1.0270	-2.6667
32.16	0.7763	-1.0537	-2.6667
32.17	0.7658	-1.0803	-2.6667
32.18	0.7550	-1.1070	-2.6667
32.19	0.7439	-1.1337	-2.6667
32.20	0.7326	-1.1603	-2.6667
32.21	0.7210	-1.1870	-2.6667
32.22	0.7091	-1.2137	-2.6667
32.23	0.6970	-1.2403	-2.6667
32.24	0.6846	-1.2670	-2.6667
32.25	0.6719	-1.2937	-2.6667
32.26	0.6590	-1.3203	-2.6667
32.27	0.6458	-1.3470	-2.6667
32.28	0.6323	-1.3737	-2.6667
32.29	0.6186	-1.4003	-2.6667
32.30	0.6046	-1.4270	-2.6667
32.31	0.5903	-1.4537	-2.6667
32.32	0.5758	-1.4803	-2.6667
32.33	0.5610	-1.5070	-2.6667
32.34	0.5459	-1.5337	-2.6667
32.35	0.5305	-1.5603	-2.6667
32.36	0.5149	-1.5870	-2.6667
32.37	0.4991	-1.6137	-2.6667
32.38	0.4829	-1.6403	-2.6667
32.39	0.4665	-1.6670	-2.6667
32.40	0.4499	-1.6937	-2.6667
32.41	0.4329	-1.7203	-2.6667
32.42	0.4157	-1.7470	-2.6667
32.43	0.3983	-1.7737	-2.6667
32.44	0.3805	-1.8003	-2.6667
32.45	0.3625	-1.8270	-2.6667
32.46	0.3442	-1.8537	-2.6667
32.47	0.3257	-1.8803	-2.6667
32.48	0.3069	-1.9070	-2.6667
32.49	0.2878	-1.9337	-2.6667
32.50	0.2685	-1.9603	-2.6667
32.51	0.2489	-1.9870	-2.6667
32.52	0.2290	-2.0137	-2.6667
32.53	0.2089	-2.0403	-2.6667
32.54	0.1885	-2.0670	-2.6667
32.55	0.1678	-2.0937	-2.6667
32.56	0.1469	-2.1203	-2.6667
32.57	0.1257	-2.1470	-2.6667
32.58	0.1042	-2.1737	-2.6667
32.59	0.0825	-2.2003	-2.6668
32.60	0.0605	-2.2270	-2.6668
32.61	0.0382	-2.2537	-2.6668
32.62	0.0157	-2.2803	-2.6669
32.63	-0.0071	-2.3070	4.1671
32.64	-0.0302	-2.2653	4.1674
32.65	-0.0529	-2.2237	4.1677
32.66	-0.0751	-2.1820	4.1679
32.67	-0.0969	-2.1403	4.1681
32.68	-0.1183	-2.0986	4.1682
32.69	-0.1393	-2.0569	4.1683
32.70	-0.1599	-2.0153	4.1683
32.71	-0.1800	-1.9736	4.1683
32.72	-0.1998	-1.9319	4.1683
32.73	-0.2191	-1.8902	4.1683
32.74	-0.2380	-1.8485	4.1683
32.75	-0.2565	-1.8068	4.1683
32.76	-0.2745	-1.7652	4.1683
32.77	-0.2922	-1.7235	4.1683
32.78	-0.3094	-1.6818	4.1683
32.79	-0.3263	-1.6401	4.1683
32.80	-0.3427	-1.5984	4.1683
32.81	-0.3586	-1.5567	4.1683
32.82	-0.3742	-1.5151	4.1683
32.83	-0.3894	-1.4734	4.1683
32.84	-0.4041	-1.4317	4.1683
32.85	-0.4184	-1.3900	4.1683
32.86	-0.4323	-1.3483	4.1683
32.87	-0.4458	-1.3066	4.1683
32.88	-0.4589	-1.2650	4.1683
32.89	-0.4715	-1.2233	4.1683
32.90	-0.4837	-1.1816	4.1683
32.91	-0.4956	-1.1399	4.1683
32.92	-0.5070	-1.0982	4.1683
32.93	-0.5179	-1.0565	4.1683
32.94	-0.5285	-1.0149	4.1683
32.95	-0.5387	-0.9732	4.1683
32.96	-0.5484	-0.9315	4.1683
32.97	-0.5577	-0.8898	4.1683
32.98	-0.5666	-0.8481	4.1683
32.99	-0.5751	-0.8064	4.1683
33.00	-0.5831	-0.7648	4.1683
33.01	-0.5908	-0.7231	4.1683
33.02	-0.5980	-0.6814	4.1683
33.03	-0.6048	-0.6397	4.1683
33.04	-0.6112	-0.5980	4.1683
33.05	-0.6172	-0.5563	4.1683
33.06	-0.6228	-0.5147	4.1683
33.07	-0.6279	-0.4730	4.1683
33.08	-0.6327	-0.4313	4.1683
33.09	-0.6370	-0.3896	4.1683
33.10	-0.6409	-0.3479	4.1683
33.11	-0.6443	-0.3062	4.1683
33.12	-0.6474	-0.2646	4.1683
33.13	-0.6500	-0.2229	4.1683
33.14	-0.6523	-0.1812	4.1683
33.15	-0.6541	-0.1395	4.1683
33.16	-0.6555	-0.0978	4.1683
33.17	-0.6565	-0.0561	4.1683
33.18	-0.6570	-0.0145	4.1683
33.19	-0.6572	0.0272	2.6667
33.20	-0.6569	0.0539	2.6667
33.21	-0.6564	0.0806	2.6667
33.22	-0.6556	0.1072	2.6667
33.23	-0.6545	0.1339	2.6667
33.24	-0.6531	0.1606	2.6667
33.25	-0.6515	0.1872	2.6667
33.26	-0.6497	0.2139	2.6667
33.27	-0.6475	0.2406	2.6667
33.28	-0.6451	0.2672	2.6667
33.29	-0.6424	0.2939	2.6667
33.30	-0.6395	0.3206	2.6667
33.31	-0.6363	0.3472	2.6667
33.32	-0.6328	0.3739	2.6667
33.33	-0.6291	0.4006	2.6667
33.34	-0.6251	0.4272	2.6667
33.35	-0.6208	0.4539	2.6667
33.36	-0.6163	0.4806	2.6667
33.37	-0.6115	0.5072	2.6667
33.38	-0.6064	0.5339	2.6667
33.39	-0.6011	0.5606	2.6667
33.40	-0.5955	0.5872	2.6667
33.41	-0.5896	0.6139	2.6667
33.42	-0.5834	0.6406	2.6667
33.43	-0.5770	0.6672	2.6667
33.44	-0.5704	0.6939	2.6667
33.45	-0.5634	0.7206	2.6667
33.46	-0.5562	0.7472	2.6667
33.47	-0.5487	0.7739	2.6667
33.48	-0.5410	0.8006	2.6667
33.49	-0.5330	0.8272	2.6667
33.50	-0.5247	0.8539	2.6667
33.51	-0.5162	0.8806	2.6667
33.52	-0.5074	0.9072	2.6667
33.53	-0.4983	0.9339	2.6667
33.54	-0.4890	0.9606	2.6667
33.55	-0.4794	0.9872	2.6667
33.56	-0.4695	1.0139	2.6667
33.57	-0.4594	1.0406	2.6667
33.58	-0.4490	1.0672	2.6667
33.59	-0.4383	1.0939	2.6667
33.60	-0.4273	1.1206	2.6667
33.61	-0.4161	1.1472	2.6667
33.62	-0.4047	1.1739	2.6667
33.63	-0.3929	1.2006	2.6667
33.64	-0.3809	1.2272	2.6667
33.65	-0.3686	1.2539	2.6667
33.66	-0.3561	1.2806	2.6667
33.67	-0.3433	1.3072	2.6667
33.68	-0.3302	1.3339	2.6667
33.69	-0.3169	1.3606	2.6667
33.70	-0.3033	1.3872	2.6667
33.71	-0.2894	1.4139	2.6667
33.72	-0.2753	1.4406	2.6667
33.73	-0.2609	1.4672	2.6667
33.74	-0.2462	1.4939	2.6667
33.75	-0.2313	1.5206	2.6667
33.76	-0.2161	1.5472	2.6667
33.77	-0.2006	1.5739	2.6667
33.78	-0.1848	1.6006	2.6667
33.79	-0.1688	1.6272	2.6667
33.80	-0.1526	1.6539	2.6667
33.81	-0.1360	1.6806	2.6667
33.82	-0.1192	1.7072	2.6667
33.83	-0.1021	1.7339	2.6667
33.84	-0.0848	1.7606	2.6667
33.85	-0.0672	1.7872	2.6667
33.86	-0.0493	1.8139	2.6667
33.87	-0.0312	1.8406	2.6667
33.88	-0.0128	1.8672	2.6667
33.89	0.0059	1.8939	-4.1683
33.90	0.0248	1.8522	-4.1683
33.91	0.0433	1.8105	-4.1683
33.92	0.0614	1.7688	-4.1683
33.93	0.0791	1.7272	-4.1683
33.94	0.0964	1.6855	-4.1683
33.95	0.1133	1.6438	-4.1683
33.96	0.1297	1.6021	-4.1683
33.97	0.1457	1.5604	-4.1683
33.98	0.1613	1.5187	-4.1683
33.99	0.1765	1.4771	-4.1683
34.00	0.1913	1.4354	-4.1683
34.01	0.2056	1.3937	-4.1683
34.02	0.2196	1.3520	-4.1683
34.03	0.2331	1.3103	-4.1683
34.04	0.2462	1.2686	-4.1683
34.05	0.2589	1.2270	-4.1683
34.06	0.2712	1.1853	-4.1683
34.07	0.2830	1.1436	-4.1683
34.08	0.2944	1.1019	-4.1683
34.09	0.3055	1.0602	-4.1683
34.10	0.3161	1.0185	-4.1683
34.11	0.3262	0.9769	-4.1683
34.12	0.3360	0.9352	-4.1683
34.13	0.3454	0.8935	-4.1683
34.14	0.3543	0.8518	-4.1683
34.15	0.3628	0.8101	-4.1683
34.16	0.3709	0.7684	-4.1683
34.17	0.3786	0.7268	-4.1683
34.18	0.3859	0.6851	-4.1683
34.19	0.3927	0.6434	-4.1683
34.20	0.3992	0.6017	-4.1683
34.21	0.4052	0.5600	-4.1683
34.22	0.4108	0.5183	-4.1683
34.23	0.4160	0.4767	-4.1683
34.24	0.4207	0.4350	-4.1683
34.25	0.4251	0.3933	-4.1683
34.26	0.4290	0.3516	-4.1683
34.27	0.4325	0.3099	-4.1683
34.28	0.4356	0.2682	-4.1683
34.29	0.4383	0.2266	-4.1683
34.30	0.4406	0.1849	-4.1683
34.31	0.4424	0.1432	-4.1683
34.32	0.4439	0.1015	-4.1683
34.33	0.4449	0.0598	-4.1683
34.34	0.4455	0.0181	-4.1683
34.35	0.4456	-0.0235	-2.6667
34.36	0.4454	-0.0502	-2.6667
34.37	0.4449	-0.0769	-2.6667
34.38	0.4441	-0.1035	-2.6667
34.39	0.4431	-0.1302	-2.6667
34.40	0.4418	-0.1569	-2.6667
34.41	0.4402	-0.1835	-2.6667
34.42	0.4384	-0.2102	-2.6667
34.43	0.4363	-0.2369	-2.6667
34.44	0.4339	-0.2635	-2.6667
34.45	0.4313	-0.2902	-2.6667
34.46	0.4284	-0.3169	-2.6667
34.47	0.4252	-0.3435	-2.6667
34.48	0.4218	-0.3702	-2.6667
34.49	0.4181	-0.3969	-2.6667
34.50	0.4141	-0.4235	-2.6667
34.51	0.4099	-0.4502	-2.6667
34.52	0.4054	-0.4769	-2.6667
34.53	0.4006	-0.5035	-2.6667
34.54	0.3956	-0.5302	-2.6667
34.55	0.3903	-0.5569	-2.6667
34.56	0.3847	-0.5835	-2.6667
34.57	0.3789	-0.6102	-2.6667
34.58	0.3728	-0.6369	-2.6667
34.59	0.3664	-0.6635	-2.6667
34.60	0.3598	-0.6902	-2.6667
34.61	0.3529	-0.7169	-2.6667
34.62	0.3457	-0.7435	-2.6667
34.63	0.3383	-0.7702	-2.6667
34.64	0.3306	-0.7969	-2.6667
34.65	0.3226	-0.8235	-2.6667
34.66	0.3143	-0.8502	-2.6667
34.67	0.3058	-0.8769	-2.6667
34.68	0.2971	-0.9035	-2.6667
34.69	0.2880	-0.9302	-2.6667
34.70	0.2787	-0.9569	-2.6667
34.71	0.2692	-0.9835	-2.6667
34.72	0.2593	-1.0102	-2.6667
34.73	0.2492	-1.0369	-2.6667
34.74	0.2389	-1.0635	-2.6667
34.75	0.2282	-1.0902	-2.6667
34.76	0.2173	-1.1169	-2.6667
34.77	0.2062	-1.1435	-2.6667
34.78	0.1947	-1.1702	-2.6667
34.79	0.1830	-1.1969	-2.6667
34.80	0.1711	-1.2235	-2.6667
34.81	0.1588	-1.2502	-2.6667
34.82	0.1463	-1.2769	-2.6667
34.83	0.1335	-1.3035	-2.6667
34.84	0.1205	-1.3302	-2.6667
34.85	0.1072	-1.3569	-2.6667
34.86	0.0936	-1.3835	-2.6667
34.87	0.0798	-1.4102	-2.6667
34.88	0.0657	-1.4369	-2.6667
34.89	0.0513	-1.4635	-2.6667
34.90	0.0367	-1.4902	-2.6667
34.91	0.0218	-1.5169	-2.6667
34.92	0.0066	-1.5435	-2.6667
34.93	-0.0088	-1.5702	4.1683
34.94	-0.0245	-1.5285	4.1683
34.95	-0.0398	-1.4868	4.1683
34.96	-0.0547	-1.4452	4.1683
34.97	-0.0691	-1.4035	4.1683
34.98	-0.0832	-1.3618	4.1683
34.99	-0.0968	-1.3201	4.1683
35.00	-0.1100	-1.2784	4.1683
35.01	-0.1228	-1.2367	4.1683
35.02	-0.1351	-1.1951	4.1683
35.03	-0.1471	-1.1534	4.1683
35.04	-0.1586	-1.1117	4.1683
35.05	-0.1697	-1.0700	4.1683
35.06	-0.1804	-1.0283	4.1683
35.07	-0.1907	-0.9866	4.1683
35.08	-0.2006	-0.9450	4.1683
35.09	-0.2100	-0.9033	4.1683
35.10	-0.2191	-0.8616	4.1683
35.11	-0.2277	-0.8199	4.1683
35.12	-0.2359	-0.7782	4.1683
35.13	-0.2437	-0.7365	4.1683
35.14	-0.2510	-0.6949	4.1683
35.15	-0.2580	-0.6532	4.1683
35.16	-0.2645	-0.6115	4.1683
35.17	-0.2706	-0.5698	4.1683
35.18	-0.2763	-0.5281	4.1683
35.19	-0.2816	-0.4864	4.1683
35.20	-0.2865	-0.4448	4.1683
35.21	-0.2909	-0.4031	4.1683
35.22	-0.2949	-0.3614	4.1683
35.23	-0.2986	-0.3197	4.1683
35.24	-0.3017	-0.2780	4.1683
35.25	-0.3045	-0.2363	4.1683
35.26	-0.3069	-0.1947	4.1683
35.27	-0.3088	-0.1530	4.1683
35.28	-0.3104	-0.1113	4.1683
35.29	-0.3115	-0.0696	4.1683
35.30	-0.3122	-0.0279	4.1683
35.31	-0.3125	0.0138	2.6667
35.32	-0.3123	0.0404	2.6667
35.33	-0.3119	0.0671	2.6667
35.34	-0.3112	0.0938	2.6667
35.35	-0.3103	0.1204	2.6667
35.36	-0.3091	0.1471	2.6667
35.37	-0.3076	0.1738	2.6667
35.38	-0.3059	0.2004	2.6667
35.39	-0.3039	0.2271	2.6667
35.40	-0.3016	0.2538	2.6667
35.41	-0.2991	0.2804	2.6667
35.42	-0.2963	0.3071	2.6667
35.43	-0.2932	0.3338	2.6667
35.44	-0.2899	0.3604	2.6667
35.45	-0.2863	0.3871	2.6667
35.46	-0.2824	0.4138	2.6667
35.47	-0.2783	0.4404	2.6667
35.48	-0.2739	0.4671	2.6667
35.49	-0.2692	0.4938	2.6667
35.50	-0.2642	0.5204	2.6667
35.51	-0.2590	0.5471	2.6667
35.52	-0.2536	0.5738	2.6667
35.53	-0.2478	0.6004	2.6667
35.54	-0.2418	0.6271	2.6667
35.55	-0.2356	0.6538	2.6667
35.56	-0.2290	0.6804	2.6667
35.57	-0.2222	0.7071	2.6667
35.58	-0.2151	0.7338	2.6667
35.59	-0.2078	0.7604	2.6667
35.60	-0.2002	0.7871	2.6667
35.61	-0.1923	0.8138	2.6667
35.62	-0.1842	0.8404	2.6667
35.63	-0.1758	0.8671	2.6667
35.64	-0.1671	0.8938	2.6667
35.65	-0.1582	0.9204	2.6667
35.66	-0.1490	0.9471	2.6667
35.67	-0.1395	0.9738	2.6667
35.68	-0.1298	1.0004	2.6667
35.69	-0.1198	1.0271	2.6667
35.70	-0.1095	1.0538	2.6667
35.71	-0.0990	1.0804	2.6667
35.72	-0.0882	1.1071	2.6667
35.73	-0.0771	1.1338	2.6667
35.74	-0.0657	1.1604	2.6667
35.75	-0.0541	1.1871	2.6667
35.76	-0.0423	1.2138	2.6667
35.77	-0.0301	1.2404	2.6667
35.78	-0.0177	1.2671	2.6667
35.79	-0.0051	1.2938	2.6667
35.80	0.0079	1.3204	-4.1683
35.81	0.0211	1.2787	-4.1683
35.82	0.0339	1.2371	-4.1683
35.83	0.0462	1.1954	-4.1683
35.84	0.0582	1.1537	-4.1683
35.85	0.0697	1.1120	-4.1683
35.86	0.0809	1.0703	-4.1683
35.87	0.0916	1.0286	-4.1683
35.88	0.1018	0.9870	-4.1683
35.89	0.1117	0.9453	-4.1683
35.90	0.1212	0.9036	-4.1683
35.91	0.1302	0.8619	-4.1683
35.92	0.1388	0.8202	-4.1683
35.93	0.1470	0.7785	-4.1683
35.94	0.1548	0.7369	-4.1683
35.95	0.1622	0.6952	-4.1683
35.96	0.1691	0.6535	-4.1683
35.97	0.1757	0.6118	-4.1683
35.98	0.1818	0.5701	-4.1683
35.99	0.1875	0.5284	-4.1683
36.00	0.1928	0.4868	-4.1683
36.01	0.1976	0.4451	-4.1683
36.02	0.2021	0.4034	-4.1683
36.03	0.2061	0.3617	-4.1683
36.04	0.2097	0.3200	-4.1683
36.05	0.2129	0.2783	-4.1683
36.06	0.2157	0.2367	-4.1683
36.07	0.2181	0.1950	-4.1683
36.08	0.2200	0.1533	-4.1683
36.09	0.2216	0.1116	-4.1683
36.10	0.2227	0.0699	-4.1683
36.11	0.2234	0.0282	-4.1683
36.12	0.2237	-0.0134	-2.6667
36.13	0.2235	-0.0401	-2.6667
36.14	0.2231	-0.0668	-2.6667
36.15	0.2225	-0.0934	-2.6667
36.16	0.2215	-0.1201	-2.6667
36.17	0.2203	-0.1468	-2.6667
36.18	0.2189	-0.1734	-2.6667
36.19	0.2171	-0.2001	-2.6667
36.20	0.2151	-0.2268	-2.6667
36.21	0.2129	-0.2534	-2.6667
36.22	0.2103	-0.2801	-2.6667
36.23	0.2075	-0.3068	-2.6667
36.24	0.2045	-0.3334	-2.6667
36.25	0.2011	-0.3601	-2.6667
36.26	0.1975	-0.3868	-2.6667
36.27	0.1936	-0.4134	-2.6667
36.28	0.1895	-0.4401	-2.6667
36.29	0.1851	-0.4668	-2.6667
36.30	0.1804	-0.4934	-2.6667
36.31	0.1755	-0.5201	-2.6667
36.32	0.1703	-0.5468	-2.6667
36.33	0.1648	-0.5734	-2.6667
36.34	0.1591	-0.6001	-2.6667
36.35	0.1531	-0.6268	-2.6667
36.36	0.1468	-0.6534	-2.6667
36.37	0.1403	-0.6801	-2.6667
36.38	0.1335	-0.7068	-2.6667
36.39	0.1264	-0.7334	-2.6667
36.40	0.1191	-0.7601	-2.6667
36.41	0.1115	-0.7868	-2.6667
36.42	0.1036	-0.8134	-2.6667
36.43	0.0955	-0.8401	-2.6667
36.44	0.0871	-0.8668	-2.6667
36.45	0.0784	-0.8934	-2.6667
36.46	0.0695	-0.9201	-2.6667
36.47	0.0603	-0.9468	-2.6667
36.48	0.0508	-0.9734	-2.6667
36.49	0.0411	-1.0001	-2.6667
36.50	0.0311	-1.0268	-2.6667
36.51	0.0208	-1.0534	-2.6667
36.52	0.0103	-1.0801	-2.6667
36.53	-0.0005	-1.1068	4.1683
36.54	-0.0116	-1.0651	4.1683
36.55	-0.0222	-1.0234	4.1683
36.56	-0.0325	-0.9817	4.1683
36.57	-0.0423	-0.9400	4.1683
36.58	-0.0517	-0.8984	4.1683
36.59	-0.0607	-0.8567	4.1683
36.60	-0.0692	-0.8150	4.1683
36.61	-0.0774	-0.7733	4.1683
36.62	-0.0851	-0.7316	4.1683
36.63	-0.0924	-0.6899	4.1683
36.64	-0.0993	-0.6483	4.1683
36.65	-0.1058	-0.6066	4.1683
36.66	-0.1119	-0.5649	4.1683
36.67	-0.1175	-0.5232	4.1683
36.68	-0.1228	-0.4815	4.1683
36.69	-0.1276	-0.4398	4.1683
36.70	-0.1320	-0.3982	4.1683
36.71	-0.1360	-0.3565	4.1683
36.72	-0.1395	-0.3148	4.1683
36.73	-0.1427	-0.2731	4.1683
36.74	-0.1454	-0.2314	4.1683
36.75	-0.1477	-0.1897	4.1683
36.76	-0.1496	-0.1481	4.1683
36.77	-0.1511	-0.1064	4.1683
36.78	-0.1522	-0.0647	4.1683
36.79	-0.1528	-0.0230	4.1683
36.80	-0.1530	0.0187	2.6667
36.81	-0.1528	0.0453	2.6667
36.82	-0.1524	0.0720	2.6667
36.83	-0.1517	0.0987	2.6667
36.84	-0.1507	0.1253	2.6667
36.85	-0.1494	0.1520	2.6667
36.86	-0.1479	0.1787	2.6667
36.87	-0.1461	0.2053	2.6667
36.88	-0.1441	0.2320	2.6667
36.89	-0.1418	0.2587	2.6667
36.90	-0.1392	0.2853	2.6667
36.91	-0.1363	0.3120	2.6667
36.92	-0.1332	0.3387	2.6667
36.93	-0.1298	0.3653	2.6667
36.94	-0.1262	0.3920	2.6667
36.95	-0.1222	0.4187	2.6667
36.96	-0.1180	0.4453	2.6667
36.97	-0.1136	0.4720	2.6667
36.98	-0.1089	0.4987	2.6667
36.99	-0.1039	0.5253	2.6667
37.00	-0.0986	0.5520	2.6667
37.01	-0.0931	0.5787	2.6667
37.02	-0.0873	0.6053	2.6667
37.03	-0.0813	0.6320	2.6667
37.04	-0.0750	0.6587	2.6667
37.05	-0.0684	0.6853	2.6667
37.06	-0.0615	0.7120	2.6667
37.07	-0.0544	0.7387	2.6667
37.08	-0.0470	0.7653	2.6667
37.09	-0.0394	0.7920	2.6667
37.10	-0.0314	0.8187	2.6667
37.11	-0.0232	0.8453	2.6667
37.12	-0.0148	0.8720	2.6667
37.13	-0.0061	0.8987	2.6667
37.14	0.0029	0.9253	-4.1683
37.15	0.0122	0.8837	-4.1683
37.16	0.0210	0.8420	-4.1683
37.17	0.0294	0.8003	-4.1683
37.18	0.0374	0.7586	-4.1683
37.19	0.0450	0.7169	-4.1683
37.20	0.0522	0.6752	-4.1683
37.21	0.0589	0.6336	-4.1683
37.22	0.0653	0.5919	-4.1683
37.23	0.0712	0.5502	-4.1683
37.24	0.0767	0.5085	-4.1683
37.25	0.0818	0.4668	-4.1683
37.26	0.0864	0.4251	-4.1683
37.27	0.0907	0.3835	-4.1683
37.28	0.0945	0.3418	-4.1683
37.29	0.0979	0.3001	-4.1683
37.30	0.1009	0.2584	-4.1683
37.31	0.1035	0.2167	-4.1683
37.32	0.1057	0.1750	-4.1683
37.33	0.1074	0.1334	-4.1683
37.34	0.1088	0.0917	-4.1683
37.35	0.1097	0.0500	-4.1683
37.36	0.1102	0.0083	-4.1683
37.37	0.1103	-0.0334	-2.6667
37.38	0.1099	-0.0600	-2.6667
37.39	0.1093	-0.0867	-2.6667
37.40	0.1085	-0.1134	-2.6667
37.41	0.1073	-0.1400	-2.6667
37.42	0.1059	-0.1667	-2.6667
37.43	0.1043	-0.1934	-2.6667
37.44	0.1023	-0.2200	-2.6667
37.45	0.1001	-0.2467	-2.6667
37.46	0.0977	-0.2734	-2.6667
37.47	0.0949	-0.3000	-2.6667
37.48	0.0919	-0.3267	-2.6667
37.49	0.0887	-0.3534	-2.6667
37.50	0.0851	-0.3800	-2.6667
37.51	0.0813	-0.4067	-2.6667
37.52	0.0773	-0.4334	-2.6667
37.53	0.0729	-0.4600	-2.6667
37.54	0.0683	-0.4867	-2.6667
37.55	0.0635	-0.5134	-2.6667
37.56	0.0583	-0.5400	-2.6667
37.57	0.0529	-0.5667	-2.6667
37.58	0.0473	-0.5934	-2.6667
37.59	0.0413	-0.6200	-2.6667
37.60	0.0351	-0.6467	-2.6667
37.61	0.0287	-0.6734	-2.6667
37.62	0.0219	-0.7000	-2.6667
37.63	0.0149	-0.7267	-2.6667
37.64	0.0077	-0.7534	-2.6667
37.65	0.0001	-0.7800	-2.6667
37.66	-0.0077	-0.8067	4.1683
37.67	-0.0157	-0.7650	4.1683
37.68	-0.0234	-0.7233	4.1683
37.69	-0.0306	-0.6817	4.1683
37.70	-0.0374	-0.6400	4.1683
37.71	-0.0438	-0.5983	4.1683
37.72	-0.0498	-0.5566	4.1683
37.73	-0.0554	-0.5149	4.1683
37.74	-0.0605	-0.4732	4.1683
37.75	-0.0653	-0.4316	4.1683
37.76	-0.0696	-0.3899	4.1683
37.77	-0.0735	-0.3482	4.1683
37.78	-0.0770	-0.3065	4.1683
37.79	-0.0800	-0.2648	4.1683
37.80	-0.0827	-0.2231	4.1683
37.81	-0.0849	-0.1815	4.1683
37.82	-0.0867	-0.1398	4.1683
37.83	-0.0881	-0.0981	4.1683
37.84	-0.0891	-0.0564	4.1683
37.85	-0.0897	-0.0147	4.1683
37.86	-0.0898	0.0270	2.6667
37.87	-0.0895	0.0536	2.6667
37.88	-0.0890	0.0803	2.6667
37.89	-0.0882	0.1070	2.6667
37.90	-0.0871	0.1336	2.6667
37.91	-0.0858	0.1603	2.6667
37.92	-0.0842	0.1870	2.6667
37.93	-0.0823	0.2136	2.6667
37.94	-0.0802	0.2403	2.6667
37.95	-0.0778	0.2670	2.6667
37.96	-0.0751	0.2936	2.6667
37.97	-0.0722	0.3203	2.6667
37.98	-0.0690	0.3470	2.6667
37.99	-0.0655	0.3736	2.6667
38.00	-0.0618	0.4003	2.6667
38.01	-0.0578	0.4270	2.6667
38.02	-0.0535	0.4536	2.6667
38.03	-0.0490	0.4803	2.6667
38.04	-0.0442	0.5070	2.6667
38.05	-0.0391	0.5336	2.6667
38.06	-0.0338	0.5603	2.6667
38.07	-0.0282	0.5870	2.6667
38.08	-0.0223	0.6136	2.6667
38.09	-0.0161	0.6403	2.6667
38.10	-0.0097	0.6670	2.6667
38.11	-0.0031	0.6936	2.6667
38.12	0.0039	0.7203	-4.1683
38.13	0.0111	0.6786	-4.1683
38.14	0.0179	0.6369	-4.1683
38.15	0.0242	0.5952	-4.1683
38.16	0.0302	0.5536	-4.1683
38.17	0.0357	0.5119	-4.1683
38.18	0.0408	0.4702	-4.1683
38.19	0.0455	0.4285	-4.1683
38.20	0.0498	0.3868	-4.1683
38.21	0.0537	0.3451	-4.1683
38.22	0.0571	0.3035	-4.1683
38.23	0.0602	0.2618	-4.1683
38.24	0.0628	0.2201	-4.1683
38.25	0.0650	0.1784	-4.1683
38.26	0.0668	0.1367	-4.1683
38.27	0.0681	0.0950	-4.1683
38.28	0.0691	0.0534	-4.1683
38.29	0.0696	0.0117	-4.1683
38.30	0.0697	-0.0300	-2.6667
38.31	0.0694	-0.0567	-2.6667
38.32	0.0689	-0.0833	-2.6667
38.33	0.0680	-0.1100	-2.6667
38.34	0.0669	-0.1367	-2.6667
38.35	0.0656	-0.1633	-2.6667
38.36	0.0639	-0.1900	-2.6667
38.37	0.0620	-0.2167	-2.6667
38.38	0.0599	-0.2433	-2.6667
38.39	0.0574	-0.2700	-2.6667
38.40	0.0547	-0.2967	-2.6667
38.41	0.0518	-0.3233	-2.6667
38.42	0.0485	-0.3500	-2.6667
38.43	0.0450	-0.3767	-2.6667
38.44	0.0413	-0.4033	-2.6667
38.45	0.0372	-0.4300	-2.6667
38.46	0.0329	-0.4567	-2.6667
38.47	0.0284	-0.4833	-2.6667
38.48	0.0235	-0.5100	-2.6667
38.49	0.0184	-0.5367	-2.6667
38.50	0.0131	-0.5633	-2.6667
38.51	0.0074	-0.5900	-2.6667
38.52	0.0015	-0.6167	-2.6667
38.53	-0.0046	-0.6433	4.1683
38.54	-0.0111	-0.6017	4.1683
38.55	-0.0171	-0.5600	4.1683
38.56	-0.0227	-0.5183	4.1683
38.57	-0.0279	-0.4766	4.1683
38.58	-0.0326	-0.4349	4.1683
38.59	-0.0370	-0.3932	4.1683
38.60	-0.0409	-0.3516	4.1683
38.61	-0.0444	-0.3099	4.1683
38.62	-0.0475	-0.2682	4.1683
38.63	-0.0502	-0.2265	4.1683
38.64	-0.0525	-0.1848	4.1683
38.65	-0.0543	-0.1431	4.1683
38.66	-0.0558	-0.1015	4.1683
38.67	-0.0568	-0.0598	4.1683
38.68	-0.0574	-0.0181	4.1683
38.69	-0.0575	0.0236	2.6667
38.70	-0.0573	0.0503	2.6667
38.71	-0.0568	0.0769	2.6667
38.72	-0.0560	0.1036	2.6667
38.73	-0.0550	0.1303	2.6667
38.74	-0.0537	0.1569	2.6667
38.75	-0.0521	0.1836	2.6667
38.76	-0.0503	0.2103	2.6667
38.77	-0.0482	0.2369	2.6667
38.78	-0.0458	0.2636	2.6667
38.79	-0.0432	0.2903	2.6667
38.80	-0.0403	0.3169	2.6667
38.81	-0.0371	0.3436	2.6667
38.82	-0.0337	0.3703	2.6667
38.83	-0.0300	0.3969	2.6667
38.84	-0.0260	0.4236	2.6667
38.85	-0.0218	0.4503	2.6667
38.86	-0.0173	0.4769	2.6667
38.87	-0.0125	0.5036	2.6667
38.88	-0.0075	0.5303	2.6667
38.89	-0.0022	0.5569	2.6667
38.90	0.0034	0.5836	-4.1683
38.91	0.0092	0.5419	-4.1683
38.92	0.0147	0.5002	-4.1683
38.93	0.0197	0.4585	-4.1683
38.94	0.0242	0.4169	-4.1683
38.95	0.0284	0.3752	-4.1683
38.96	0.0322	0.3335	-4.1683
38.97	0.0355	0.2918	-4.1683
38.98	0.0384	0.2501	-4.1683
38.99	0.0409	0.2084	-4.1683
39.00	0.0430	0.1668	-4.1683
39.01	0.0447	0.1251	-4.1683
39.02	0.0459	0.0834	-4.1683
39.03	0.0468	0.0417	-4.1683
39.04	0.0472	0.0000	-4.1683
39.05	0.0472	-0.0417	-2.6667
39.06	0.0468	-0.0683	-2.6667
39.07	0.0461	-0.0950	-2.6667
39.08	0.0451	-0.1217	-2.6667
39.09	0.0439	-0.1483	-2.6667
39.10	0.0424	-0.1750	-2.6667
39.11	0.0407	-0.2017	-2.6667
39.12	0.0387	-0.2283	-2.6667
39.13	0.0364	-0.2550	-2.6667
39.14	0.0338	-0.2817	-2.6667
39.15	0.0310	-0.3083	-2.6667
39.16	0.0279	-0.3350	-2.6667
39.17	0.0246	-0.3617	-2.6667
39.18	0.0210	-0.3883	-2.6667
39.19	0.0171	-0.4150	-2.6667
39.20	0.0129	-0.4417	-2.6667
39.21	0.0085	-0.4683	-2.6667
39.22	0.0038	-0.4950	-2.6667
39.23	-0.0011	-0.5217	4.1683
39.24	-0.0063	-0.4800	4.1683
39.25	-0.0111	-0.4383	4.1683
39.26	-0.0155	-0.3966	4.1683
39.27	-0.0195	-0.3549	4.1683
39.28	-0.0230	-0.3132	4.1683
39.29	-0.0262	-0.2716	4.1683
39.30	-0.0289	-0.2299	4.1683
39.31	-0.0312	-0.1882	4.1683
39.32	-0.0331	-0.1465	4.1683
39.33	-0.0345	-0.1048	4.1683
39.34	-0.0356	-0.0631	4.1683
39.35	-0.0362	-0.0215	4.1683
39.36	-0.0364	0.0202	2.6667
39.37	-0.0362	0.0469	2.6667
39.38	-0.0358	0.0736	2.6667
39.39	-0.0350	0.1002	2.6667
39.40	-0.0340	0.1269	2.6667
39.41	-0.0327	0.1536	2.6667
39.42	-0.0312	0.1802	2.6667
39.43	-0.0294	0.2069	2.6667
39.44	-0.0273	0.2336	2.6667
39.45	-0.0250	0.2602	2.6667
39.46	-0.0224	0.2869	2.6667
39.47	-0.0195	0.3136	2.6667
39.48	-0.0164	0.3402	2.6667
39.49	-0.0130	0.3669	2.6667
39.50	-0.0093	0.3936	2.6667
39.51	-0.0054	0.4202	2.6667
39.52	-0.0012	0.4469	2.6667
39.53	0.0033	0.4736	-4.1683
39.54	0.0080	0.4319	-4.1683
39.55	0.0123	0.3902	-4.1683
39.56	0.0162	0.3485	-4.1683
39.57	0.0197	0.3068	-4.1683
39.58	0.0228	0.2651	-4.1683
39.59	0.0254	0.2235	-4.1683
39.60	0.0277	0.1818	-4.1683
39.61	0.0295	0.1401	-4.1683
39.62	0.0309	0.0984	-4.1683
39.63	0.0319	0.0567	-4.1683
39.64	0.0324	0.0150	-4.1683
39.65	0.0326	-0.0266	-2.6667
39.66	0.0323	-0.0533	-2.6667
39.67	0.0318	-0.0800	-2.6667
39.68	0.0310	-0.1066	-2.6667
39.69	0.0299	-0.1333	-2.6667
39.70	0.0286	-0.1600	-2.6667
39.71	0.0270	-0.1866	-2.6667
39.72	0.0251	-0.2133	-2.6667
39.73	0.0230	-0.2400	-2.6667
39.74	0.0206	-0.2666	-2.6667
39.75	0.0179	-0.2933	-2.6667
39.76	0.0150	-0.3200	-2.6667
39.77	0.0118	-0.3466	-2.6667
39.78	0.0083	-0.3733	-2.6667
39.79	0.0046	-0.4000	-2.6667
39.80	0.0006	-0.4266	-2.6667
39.81	-0.0037	-0.4533	4.1683
39.82	-0.0082	-0.4116	4.1683
39.83	-0.0123	-0.3699	4.1683
39.84	-0.0160	-0.3283	4.1683
39.85	-0.0193	-0.2866	4.1683
39.86	-0.0222	-0.2449	4.1683
39.87	-0.0246	-0.2032	4.1683
39.88	-0.0267	-0.1615	4.1683
39.89	-0.0283	-0.1198	4.1683
39.90	-0.0295	-0.0782	4.1683
39.91	-0.0302	-0.0365	4.1683
39.92	-0.0306	0.0052	2.6667
39.93	-0.0306	0.0319	2.6667
39.94	-0.0302	0.0585	2.6667
39.95	-0.0297	0.0852	2.6667
39.96	-0.0288	0.1119	2.6667
39.97	-0.0277	0.1385	2.6667
39.98	-0.0263	0.1652	2.6667
39.99	-0.0246	0.1919	2.6667
40.00	-0.0227	0.2185	2.6667
40.01	-0.0205	0.2452	2.6667
40.02	-0.0181	0.2719	2.6667
40.03	-0.0154	0.2985	2.6667
40.04	-0.0124	0.3252	2.6667
40.05	-0.0091	0.3519	2.6667
40.06	-0.0056	0.3785	2.6667
40.07	-0.0018	0.4052	2.6667
40.08	0.0022	0.4319	-4.1683
40.09	0.0065	0.3902	-4.1683
40.10	0.0104	0.3485	-4.1683
40.11	0.0139	0.3068	-4.1683
40.12	0.0170	0.2651	-4.1683
40.13	0.0196	0.2235	-4.1683
40.14	0.0219	0.1818	-4.1683
40.15	0.0237	0.1401	-4.1683
40.16	0.0251	0.0984	-4.1683
40.17	0.0261	0.0567	-4.1683
40.18	0.0267	0.0150	-4.1683
40.19	0.0268	-0.0266	-2.6667
40.20	0.0265	-0.0533	-2.6667
40.21	0.0260	-0.0800	-2.6667
40.22	0.0252	-0.1066	-2.6667
40.23	0.0241	-0.1333	-2.6667
40.24	0.0228	-0.1600	-2.6667
40.25	0.0212	-0.1866	-2.6667
40.26	0.0193	-0.2133	-2.6667
40.27	0.0172	-0.2400	-2.6667
40.28	0.0148	-0.2666	-2.6667
40.29	0.0121	-0.2933	-2.6667
40.30	0.0092	-0.3200	-2.6667
40.31	0.0060	-0.3466	-2.6667
40.32	0.0025	-0.3733	-2.6667
40.33	-0.0012	-0.4000	4.1683
40.34	-0.0052	-0.3583	4.1683
40.35	-0.0088	-0.3166	4.1683
40.36	-0.0119	-0.2749	4.1683
40.37	-0.0147	-0.2332	4.1683
40.38	-0.0170	-0.1916	4.1683
40.39	-0.0189	-0.1499	4.1683
40.40	-0.0204	-0.1082	4.1683
40.41	-0.0215	-0.0665	4.1683
40.42	-0.0222	-0.0248	4.1683
40.43	-0.0224	0.0169	2.6667
40.44	-0.0223	0.0435	2.6667
40.45	-0.0218	0.0702	2.6667
40.46	-0.0211	0.0969	2.6667
40.47	-0.0202	0.1235	2.6667
40.48	-0.0189	0.1502	2.6667
40.49	-0.0174	0.1769	2.6667
40.50	-0.0157	0.2035	2.6667
40.51	-0.0136	0.2302	2.6667
40.52	-0.0113	0.2569	2.6667
40.53	-0.0088	0.2835	2.6667
40.54	-0.0059	0.3102	2.6667
40.55	-0.0028	0.3369	2.6667
40.56	0.0006	0.3635	-4.1683
40.57	0.0042	0.3218	-4.1683
40.58	0.0074	0.2802	-4.1683
40.59	0.0102	0.2385	-4.1683
40.60	0.0126	0.1968	-4.1683
40.61	0.0146	0.1551	-4.1683
40.62	0.0161	0.1134	-4.1683
40.63	0.0172	0.0717	-4.1683
40.64	0.0180	0.0301	-4.1683
40.65	0.0183	-0.0116	-2.6667
40.66	0.0181	-0.0383	-2.6667
40.67	0.0178	-0.0650	-2.6667
40.68	0.0171	-0.0916	-2.6667
40.69	0.0162	-0.1183	-2.6667
40.70	0.0150	-0.1450	-2.6667
40.71	0.0136	-0.1716	-2.6667
40.72	0.0119	-0.1983	-2.6667
40.73	0.0099	-0.2250	-2.6667
40.74	0.0076	-0.2516	-2.6667
40.75	0.0051	-0.2783	-2.6667
40.76	0.0023	-0.3050	-2.6667
40.77	-0.0007	-0.3316	4.1683
40.78	-0.0040	-0.2899	4.1683
40.79	-0.0069	-0.2483	4.1683
40.80	-0.0094	-0.2066	4.1683
40.81	-0.0115	-0.1649	4.1683
40.82	-0.0131	-0.1232	4.1683
40.83	-0.0144	-0.0815	4.1683
40.84	-0.0152	-0.0398	4.1683
40.85	-0.0156	0.0018	2.6667
40.86	-0.0156	0.0285	2.6667
40.87	-0.0153	0.0552	2.6667
40.88	-0.0147	0.0818	2.6667
40.89	-0.0139	0.1085	2.6667
40.90	-0.0128	0.1352	2.6667
40.91	-0.0115	0.1618	2.6667
40.92	-0.0099	0.1885	2.6667
40.93	-0.0080	0.2152	2.6667
40.94	-0.0058	0.2418	2.6667
40.95	-0.0034	0.2685	2.6667
40.96	-0.0007	0.2952	2.6667
40.97	0.0022	0.3218	-4.1683
40.98	0.0054	0.2802	-4.1683
40.99	0.0083	0.2385	-4.1683
41.00	0.0106	0.1968	-4.1683
41.01	0.0126	0.1551	-4.1683
41.02	0.0142	0.1134	-4.1683
41.03	0.0153	0.0717	-4.1683
41.04	0.0160	0.0301	-4.1683
41.05	0.0163	-0.0116	-2.6667
41.06	0.0162	-0.0383	-2.6667
41.07	0.0158	-0.0650	-2.6667
41.08	0.0152	-0.0916	-2.6667
41.09	0.0142	-0.1183	-2.6667
41.10	0.0131	-0.1450	-2.6667
41.11	0.0116	-0.1716	-2.6667
41.12	0.0099	-0.1983	-2.6667
41.13	0.0079	-0.2250	-2.6667
41.14	0.0057	-0.2516	-2.6667
41.15	0.0031	-0.2783	-2.6667
41.16	0.0004	-0.3050	-2.6667
41.17	-0.0027	-0.3316	4.1683
41.18	-0.0060	-0.2899	4.1683
41.19	-0.0089	-0.2483	4.1683
41.20	-0.0114	-0.2066	4.1683
41.21	-0.0135	-0.1649	4.1683
41.22	-0.0151	-0.1232	4.1683
41.23	-0.0163	-0.0815	4.1683
41.24	-0.0172	-0.0398	4.1683
41.25	-0.0175	0.0018	2.6667
41.26	-0.0175	0.0285	2.6667
41.27	-0.0172	0.0552	2.6667
41.28	-0.0167	0.0818	2.6667
41.29	-0.0159	0.1085	2.6667
41.30	-0.0148	0.1352	2.6667
41.31	-0.0134	0.1618	2.6667
41.32	-0.0118	0.1885	2.6667
41.33	-0.0099	0.2152	2.6667
41.34	-0.0078	0.2418	2.6667
41.35	-0.0054	0.2685	2.6667
41.36	-0.0027	0.2952	2.6667
41.37	0.0003	0.3218	-4.1683
41.38	0.0035	0.2802	-4.1683
41.39	0.0063	0.2385	-4.1683
41.40	0.0087	0.1968	-4.1683
41.41	0.0106	0.1551	-4.1683
41.42	0.0122	0.1134	-4.1683
41.43	0.0133	0.0717	-4.1683
41.44	0.0140	0.0301	-4.1683
41.45	0.0143	-0.0116	-2.6667
41.46	0.0142	-0.0383	-2.6667
41.47	0.0138	-0.0650	-2.6667
41.48	0.0132	-0.0916	-2.6667
41.49	0.0123	-0.1183	-2.6667
41.50	0.0111	-0.1450	-2.6667
41.51	0.0096	-0.1716	-2.6667
41.52	0.0079	-0.1983	-2.6667
41.53	0.0060	-0.2250	-2.6667
41.54	0.0037	-0.2516	-2.6667
41.55	0.0012	-0.2783	-2.6667
41.56	-0.0016	-0.3050	4.1683
41.57	-0.0046	-0.2633	4.1683
41.58	-0.0073	-0.2216	4.1683
41.59	-0.0095	-0.1799	4.1683
41.60	-0.0113	-0.1382	4.1683
41.61	-0.0127	-0.0965	4.1683
41.62	-0.0136	-0.0549	4.1683
41.63	-0.0142	-0.0132	4.1683
41.64	-0.0143	0.0285	2.6667
41.65	-0.0140	0.0552	2.6667
41.66	-0.0135	0.0818	2.6667
41.67	-0.0127	0.1085	2.6667
41.68	-0.0116	0.1352	2.6667
41.69	-0.0102	0.1618	2.6667
41.70	-0.0086	0.1885	2.6667
41.71	-0.0067	0.2152	2.6667
41.72	-0.0046	0.2418	2.6667
41.73	-0.0022	0.2685	2.6667
41.74	0.0005	0.2952	-4.1683
41.75	0.0035	0.2535	-4.1683
41.76	0.0060	0.2118	-4.1683
41.77	0.0081	0.1701	-4.1683
41.78	0.0098	0.1284	-4.1683
41.79	0.0111	0.0868	-4.1683
41.80	0.0120	0.0451	-4.1683
41.81	0.0124	0.0034	-4.1683
41.82	0.0125	-0.0383	-2.6667
41.83	0.0121	-0.0650	-2.6667
41.84	0.0114	-0.0916	-2.6667
41.85	0.0105	-0.1183	-2.6667
41.86	0.0093	-0.1450	-2.6667
41.87	0.0079	-0.1716	-2.6667
41.88	0.0062	-0.1983	-2.6667
41.89	0.0042	-0.2250	-2.6667
41.90	0.0019	-0.2516	-2.6667
41.91	-0.0006	-0.2783	4.1683
41.92	-0.0034	-0.2366	4.1683
41.93	-0.0057	-0.1949	4.1683
41.94	-0.0077	-0.1532	4.1683
41.95	-0.0092	-0.1116	4.1683
41.96	-0.0103	-0.0699	4.1683
41.97	-0.0110	-0.0282	4.1683
41.98	-0.0113	0.0135	2.6667
41.99	-0.0112	0.0402	2.6667
42.00	-0.0108	0.0668	2.6667
42.01	-0.0101	0.0935	2.6667
42.02	-0.0092	0.1202	2.6667
42.03	-0.0080	0.1468	2.6667
42.04	-0.0065	0.1735	2.6667
42.05	-0.0048	0.2002	2.6667
42.06	-0.0028	0.2268	2.6667
42.07	-0.0005	0.2535	2.6667
42.08	0.0020	0.2802	-4.1683
42.09	0.0048	0.2385	-4.1683
42.10	0.0072	0.1968	-4.1683
42.11	0.0092	0.1551	-4.1683
42.12	0.0107	0.1134	-4.1683
42.13	0.0119	0.0717	-4.1683
42.14	0.0126	0.0301	-4.1683
42.15	0.0129	-0.0116	-2.6667
42.16	0.0128	-0.0383	-2.6667
42.17	0.0124	-0.0650	-2.6667
42.18	0.0118	-0.0916	-2.6667
42.19	0.0108	-0.1183	-2.6667
42.20	0.0097	-0.1450	-2.6667
42.21	0.0082	-0.1716	-2.6667
42.22	0.0065	-0.1983	-2.6667
42.23	0.0045	-0.2250	-2.6667
42.24	0.0023	-0.2516	-2.6667
42.25	-0.0003	-0.2783	4.1683
42.26	-0.0030	-0.2366	4.1683
42.27	-0.0054	-0.1949	4.1683
42.28	-0.0074	-0.1532	4.1683
42.29	-0.0089	-0.1116	4.1683
42.30	-0.0100	-0.0699	4.1683
42.31	-0.0107	-0.0282	4.1683
42.32	-0.0110	0.0135	2.6667
42.33	-0.0109	0.0402	2.6667
42.34	-0.0105	0.0668	2.6667
42.35	-0.0098	0.0935	2.6667
42.36	-0.0089	0.1202	2.6667
42.37	-0.0077	0.1468	2.6667
42.38	-0.0062	0.1735	2.6667
42.39	-0.0044	0.2002	2.6667
42.40	-0.0024	0.2268	2.6667
42.41	-0.0002	0.2535	2.6667
42.42	0.0024	0.2802	-4.1683
42.43	0.0052	0.2385	-4.1683
42.44	0.0075	0.1968	-4.1683
42.45	0.0095	0.1551	-4.1683
42.46	0.0111	0.1134	-4.1683
42.47	0.0122	0.0717	-4.1683
42.48	0.0129	0.0301	-4.1683
42.49	0.0132	-0.0116	-2.6667
42.50	0.0131	-0.0383	-2.6667
42.51	0.0127	-0.0650	-2.6667
42.52	0.0121	-0.0916	-2.6667
42.53	0.0111	-0.1183	-2.6667
42.54	0.0100	-0.1450	-2.6667
42.55	0.0085	-0.1716	-2.6667
42.56	0.0068	-0.1983	-2.6667
42.57	0.0048	-0.2250	-2.6667
42.58	0.0026	-0.2516	-2.6667
42.59	0.0001	-0.2783	-2.6667
42.60	-0.0027	-0.3050	4.1683
42.61	-0.0058	-0.2633	4.1683
42.62	-0.0084	-0.2216	4.1683
42.63	-0.0106	-0.1799	4.1683
42.64	-0.0124	-0.1382	4.1683
42.65	-0.0138	-0.0965	4.1683
42.66	-0.0148	-0.0549	4.1683
42.67	-0.0153	-0.0132	4.1683
42.68	-0.0155	0.0285	2.6667
42.69	-0.0152	0.0552	2.6667
42.70	-0.0146	0.0818	2.6667
42.71	-0.0138	0.1085	2.6667
42.72	-0.0127	0.1352	2.6667
42.73	-0.0114	0.1618	2.6667
42.74	-0.0097	0.1885	2.6667
42.75	-0.0079	0.2152	2.6667
42.76	-0.0057	0.2418	2.6667
42.77	-0.0033	0.2685	2.6667
42.78	-0.0006	0.2952	2.6667
42.79	0.0023	0.3218	-4.1683
42.80	0.0056	0.2802	-4.1683
42.81	0.0084	0.2385	-4.1683
42.82	0.0107	0.1968	-4.1683
42.83	0.0127	0.1551	-4.1683
42.84	0.0143	0.1134	-4.1683
42.85	0.0154	0.0717	-4.1683
42.86	0.0161	0.0301	-4.1683
42.87	0.0164	-0.0116	-2.6667
42.88	0.0163	-0.0383	-2.6667
42.89	0.0159	-0.0650	-2.6667
42.90	0.0153	-0.0916	-2.6667
42.91	0.0144	-0.1183	-2.6667
42.92	0.0132	-0.1450	-2.6667
42.93	0.0117	-0.1716	-2.6667
42.94	0.0100	-0.1983	-2.6667
42.95	0.0080	-0.2250	-2.6667
42.96	0.0058	-0.2516	-2.6667
42.97	0.0033	-0.2783	-2.6667
42.98	0.0005	-0.3050	-2.6667
42.99	-0.0026	-0.3316	4.1683
43.00	-0.0059	-0.2899	4.1683
43.01	-0.0088	-0.2483	4.1683
43.02	-0.0113	-0.2066	4.1683
43.03	-0.0133	-0.1649	4.1683
43.04	-0.0150	-0.1232	4.1683
43.05	-0.0162	-0.0815	4.1683
43.06	-0.0170	-0.0398	4.1683
43.07	-0.0174	0.0018	2.6667
43.08	-0.0174	0.0285	2.6667
43.09	-0.0171	0.0552	2.6667
43.10	-0.0166	0.0818	2.6667
43.11	-0.0158	0.1085	2.6667
43.12	-0.0147	0.1352	2.6667
43.13	-0.0133	0.1618	2.6667
43.14	-0.0117	0.1885	2.6667
43.15	-0.0098	0.2152	2.6667
43.16	-0.0077	0.2418	2.6667
43.17	-0.0053	0.2685	2.6667
43.18	-0.0026	0.2952	2.6667
43.19	0.0004	0.3218	-4.1683
43.20	0.0036	0.2802	-4.1683
43.21	0.0064	0.2385	-4.1683
43.22	0.0088	0.1968	-4.1683
43.23	0.0108	0.1551	-4.1683
43.24	0.0123	0.1134	-4.1683
43.25	0.0134	0.0717	-4.1683
43.26	0.0142	0.0301	-4.1683
43.27	0.0145	-0.0116	-2.6667
43.28	0.0143	-0.0383	-2.6667
43.29	0.0140	-0.0650	-2.6667
43.30	0.0133	-0.0916	-2.6667
43.31	0.0124	-0.1183	-2.6667
43.32	0.0112	-0.1450	-2.6667
43.33	0.0098	-0.1716	-2.6667
43.34	0.0080	-0.1983	-2.6667
43.35	0.0061	-0.2250	-2.6667
43.36	0.0038	-0.2516	-2.6667
43.37	0.0013	-0.2783	-2.6667
43.38	-0.0015	-0.3050	4.1683
43.39	-0.0045	-0.2633	4.1683
43.40	-0.0072	-0.2216	4.1683
43.41	-0.0094	-0.1799	4.1683
43.42	-0.0112	-0.1382	4.1683
43.43	-0.0126	-0.0965	4.1683
43.44	-0.0135	-0.0549	4.1683
43.45	-0.0141	-0.0132	4.1683
43.46	-0.0142	0.0285	2.6667
43.47	-0.0139	0.0552	2.6667
43.48	-0.0134	0.0818	2.6667
43.49	-0.0126	0.1085	2.6667
43.50	-0.0115	0.1352	2.6667
43.51	-0.0101	0.1618	2.6667
43.52	-0.0085	0.1885	2.6667
43.53	-0.0066	0.2152	2.6667
43.54	-0.0045	0.2418	2.6667
43.55	-0.0020	0.2685	2.6667
43.56	0.0006	0.2952	-4.1683
43.57	0.0036	0.2535	-4.1683
43.58	0.0061	0.2118	-4.1683
43.59	0.0082	0.1701	-4.1683
43.60	0.0099	0.1284	-4.1683
43.61	0.0112	0.0868	-4.1683
43.62	0.0121	0.0451	-4.1683
43.63	0.0125	0.0034	-4.1683
43.64	0.0126	-0.0383	-2.6667
43.65	0.0122	-0.0650	-2.6667
43.66	0.0115	-0.0916	-2.6667
43.67	0.0106	-0.1183	-2.6667
43.68	0.0094	-0.1450	-2.6667
43.69	0.0080	-0.1716	-2.6667
43.70	0.0063	-0.1983	-2.6667
43.71	0.0043	-0.2250	-2.6667
43.72	0.0021	-0.2516	-2.6667
43.73	-0.0005	-0.2783	4.1683
43.74	-0.0032	-0.2366	4.1683
43.75	-0.0056	-0.1949	4.1683
43.76	-0.0076	-0.1532	4.1683
43.77	-0.0091	-0.1116	4.1683
43.78	-0.0102	-0.0699	4.1683
43.79	-0.0109	-0.0282	4.1683
43.80	-0.0112	0.0135	2.6667
43.81	-0.0111	0.0402	2.6667
43.82	-0.0107	0.0668	2.6667
43.83	-0.0100	0.0935	2.6667
43.84	-0.0091	0.1202	2.6667
43.85	-0.0079	0.1468	2.6667
43.86	-0.0064	0.1735	2.6667
43.87	-0.0046	0.2002	2.6667
43.88	-0.0026	0.2268	2.6667
43.89	-0.0004	0.2535	2.6667
43.90	0.0022	0.2802	-4.1683
43.91	0.0050	0.2385	-4.1683
43.92	0.0073	0.1968	-4.1683
43.93	0.0093	0.1551	-4.1683
43.94	0.0109	0.1134	-4.1683
43.95	0.0120	0.0717	-4.1683
43.96	0.0127	0.0301	-4.1683
43.97	0.0130	-0.0116	-2.6667
43.98	0.0129	-0.0383	-2.6667
43.99	0.0125	-0.0650	-2.6667
44.00	0.0119	-0.0916	-2.6667
44.01	0.0109	-0.1183	-2.6667
44.02	0.0098	-0.1450	-2.6667
44.03	0.0083	-0.1716	-2.6667
44.04	0.0066	-0.1983	-2.6667
44.05	0.0046	-0.2250	-2.6667
44.06	0.0024	-0.2516	-2.6667
44.07	-0.0001	-0.2783	4.1683
44.08	-0.0029	-0.2366	4.1683
44.09	-0.0053	-0.1949	4.1683
44.10	-0.0072	-0.1532	4.1683
44.11	-0.0088	-0.1116	4.1683
44.12	-0.0099	-0.0699	4.1683
44.13	-0.0106	-0.0282	4.1683
44.14	-0.0109	0.0135	2.6667
44.15	-0.0107	0.0402	2.6667
44.16	-0.0103	0.0668	2.6667
44.17	-0.0097	0.0935	2.6667
44.18	-0.0087	0.1202	2.6667
44.19	-0.0075	0.1468	2.6667
44.20	-0.0061	0.1735	2.6667
44.21	-0.0043	0.2002	2.6667
44.22	-0.0023	0.2268	2.6667
44.23	-0.0001	0.2535	2.6667
44.24	0.0025	0.2802	-4.1683
44.25	0.0053	0.2385	-4.1683
44.26	0.0077	0.1968	-4.1683
44.27	0.0096	0.1551	-4.1683
44.28	0.0112	0.1134	-4.1683
44.29	0.0123	0.0717	-4.1683
44.30	0.0130	0.0301	-4.1683
44.31	0.0133	-0.0116	-2.6667
44.32	0.0132	-0.0383	-2.6667
44.33	0.0128	-0.0650	-2.6667
44.34	0.0122	-0.0916	-2.6667
44.35	0.0113	-0.1183	-2.6667
44.36	0.0101	-0.1450	-2.6667
44.37	0.0086	-0.1716	-2.6667
44.38	0.0069	-0.1983	-2.6667
44.39	0.0049	-0.2250	-2.6667
44.40	0.0027	-0.2516	-2.6667
44.41	0.0002	-0.2783	-2.6667
44.42	-0.0026	-0.3050	4.1683
44.43	-0.0057	-0.2633	4.1683
44.44	-0.0083	-0.2216	4.1683
44.45	-0.0105	-0.1799	4.1683
44.46	-0.0123	-0.1382	4.1683
44.47	-0.0137	-0.0965	4.1683
44.48	-0.0147	-0.0549	4.1683
44.49	-0.0152	-0.0132	4.1683
44.50	-0.0153	0.0285	2.6667
44.51	-0.0151	0.0552	2.6667
44.52	-0.0145	0.0818	2.6667
44.53	-0.0137	0.1085	2.6667
44.54	-0.0126	0.1352	2.6667
44.55	-0.0113	0.1618	2.6667
44.56	-0.0096	0.1885	2.6667
44.57	-0.0077	0.2152	2.6667
44.58	-0.0056	0.2418	2.6667
44.59	-0.0032	0.2685	2.6667
44.60	-0.0005	0.2952	2.6667
44.61	0.0025	0.3218	-4.1683
44.62	0.0057	0.2802	-4.1683
44.63	0.0085	0.2385	-4.1683
44.64	0.0109	0.1968	-4.1683
44.65	0.0128	0.1551	-4.1683
44.66	0.0144	0.1134	-4.1683
44.67	0.0155	0.0717	-4.1683
44.68	0.0162	0.0301	-4.1683
44.69	0.0165	-0.0116	-2.6667
44.70	0.0164	-0.0383	-2.6667
44.71	0.0160	-0.0650	-2.6667
44.72	0.0154	-0.0916	-2.6667
44.73	0.0145	-0.1183	-2.6667
44.74	0.0133	-0.1450	-2.6667
44.75	0.0118	-0.1716	-2.6667
44.76	0.0101	-0.1983	-2.6667
44.77	0.0081	-0.2250	-2.6667
44.78	0.0059	-0.2516	-2.6667
44.79	0.0034	-0.2783	-2.6667
44.80	0.0006	-0.3050	-2.6667
44.81	-0.0025	-0.3316	4.1683
44.82	-0.0058	-0.2899	4.1683
44.83	-0.0087	-0.2483	4.1683
44.84	-0.0112	-0.2066	4.1683
44.85	-0.0132	-0.1649	4.1683
44.86	-0.0149	-0.1232	4.1683
44.87	-0.0161	-0.0815	4.1683
44.88	-0.0169	-0.0398	4.1683
44.89	-0.0173	0.0018	2.6667
44.90	-0.0173	0.0285	2.6667
44.91	-0.0170	0.0552	2.6667
44.92	-0.0165	0.0818	2.6667
44.93	-0.0156	0.1085	2.6667
44.94	-0.0146	0.1352	2.6667
44.95	-0.0132	0.1618	2.6667
44.96	-0.0116	0.1885	2.6667
44.97	-0.0097	0.2152	2.6667
44.98	-0.0076	0.2418	2.6667
44.99	-0.0051	0.2685	2.6667
45.00	-0.0025	0.2952	2.6667
45.01	0.0005	0.3218	-4.1683
45.02	0.0037	0.2802	-4.1683
45.03	0.0065	0.2385	-4.1683
45.04	0.0089	0.1968	-4.1683
45.05	0.0109	0.1551	-4.1683
45.06	0.0124	0.1134	-4.1683
45.07	0.0136	0.0717	-4.1683
45.08	0.0143	0.0301	-4.1683
45.09	0.0146	-0.0116	-2.6667
45.10	0.0145	-0.0383	-2.6667
45.11	0.0141	-0.0650	-2.6667
45.12	0.0134	-0.0916	-2.6667
45.13	0.0125	-0.1183	-2.6667
45.14	0.0113	-0.1450	-2.6667
45.15	0.0099	-0.1716	-2.6667
45.16	0.0082	-0.1983	-2.6667
45.17	0.0062	-0.2250	-2.6667
45.18	0.0039	-0.2516	-2.6667
45.19	0.0014	-0.2783	-2.6667
45.20	-0.0014	-0.3050	4.1683
45.21	-0.0044	-0.2633	4.1683
45.22	-0.0071	-0.2216	4.1683
45.23	-0.0093	-0.1799	4.1683
45.24	-0.0111	-0.1382	4.1683
45.25	-0.0125	-0.0965	4.1683
45.26	-0.0134	-0.0549	4.1683
45.27	-0.0140	-0.0132	4.1683
45.28	-0.0141	0.0285	2.6667
45.29	-0.0138	0.0552	2.6667
45.30	-0.0133	0.0818	2.6667
45.31	-0.0124	0.1085	2.6667
45.32	-0.0114	0.1352	2.6667
45.33	-0.0100	0.1618	2.6667
45.34	-0.0084	0.1885	2.6667
45.35	-0.0065	0.2152	2.6667
45.36	-0.0044	0.2418	2.6667
45.37	-0.0019	0.2685	2.6667
45.38	0.0008	0.2952	-4.1683
45.39	0.0037	0.2535	-4.1683
45.40	0.0062	0.2118	-4.1683
45.41	0.0084	0.1701	-4.1683
45.42	0.0101	0.1284	-4.1683
45.43	0.0113	0.0868	-4.1683
45.44	0.0122	0.0451	-4.1683
45.45	0.0127	0.0034	-4.1683
45.46	0.0127	-0.0383	-2.6667
45.47	0.0123	-0.0650	-2.6667
45.48	0.0117	-0.0916	-2.6667
45.49	0.0107	-0.1183	-2.6667
45.50	0.0096	-0.1450	-2.6667
45.51	0.0081	-0.1716	-2.6667
45.52	0.0064	-0.1983	-2.6667
45.53	0.0044	-0.2250	-2.6667
45.54	0.0022	-0.2516	-2.6667
45.55	-0.0004	-0.2783	4.1683
45.56	-0.0031	-0.2366	4.1683
45.57	-0.0055	-0.1949	4.1683
45.58	-0.0074	-0.1532	4.1683
45.59	-0.0090	-0.1116	4.1683
45.60	-0.0101	-0.0699	4.1683
45.61	-0.0108	-0.0282	4.1683
45.62	-0.0111	0.0135	2.6667
45.63	-0.0109	0.0402	2.6667
45.64	-0.0105	0.0668	2.6667
45.65	-0.0099	0.0935	2.6667
45.66	-0.0089	0.1202	2.6667
45.67	-0.0077	0.1468	2.6667
45.68	-0.0063	0.1735	2.6667
45.69	-0.0045	0.2002	2.6667
45.70	-0.0025	0.2268	2.6667
45.71	-0.0003	0.2535	2.6667
45.72	0.0023	0.2802	-4.1683
45.73	0.0051	0.2385	-4.1683
45.74	0.0075	0.1968	-4.1683
45.75	0.0094	0.1551	-4.1683
45.76	0.0110	0.1134	-4.1683
45.77	0.0121	0.0717	-4.1683
45.78	0.0128	0.0301	-4.1683
45.79	0.0131	-0.0116	-2.6667
45.80	0.0130	-0.0383	-2.6667
45.81	0.0126	-0.0650	-2.6667
45.82	0.0120	-0.0916	-2.6667
45.83	0.0111	-0.1183	-2.6667
45.84	0.0099	-0.1450	-2.6667
45.85	0.0084	-0.1716	-2.6667
45.86	0.0067	-0.1983	-2.6667
45.87	0.0047	-0.2250	-2.6667
45.88	0.0025	-0.2516	-2.6667
45.89	-0.0000	-0.2783	4.1683
45.90	-0.0028	-0.2366	4.1683
45.91	-0.0052	-0.1949	4.1683
45.92	-0.0071	-0.1532	4.1683
45.93	-0.0087	-0.1116	4.1683
45.94	-0.0098	-0.0699	4.1683
45.95	-0.0105	-0.0282	4.1683
45.96	-0.0108	0.0135	2.6667
45.97	-0.0106	0.0402	2.6667
45.98	-0.0102	0.0668	2.6667
45.99	-0.0096	0.0935	2.6667
46.00	-0.0086	0.1202	2.6667
46.01	-0.0074	0.1468	2.6667
46.02	-0.0060	0.1735	2.6667
46.03	-0.0042	0.2002	2.6667
46.04	-0.0022	0.2268	2.6667
46.05	0.0001	0.2535	-4.1683
46.06	0.0026	0.2118	-4.1683
46.07	0.0047	0.1701	-4.1683
46.08	0.0064	0.1284	-4.1683
46.09	0.0077	0.0868	-4.1683
46.10	0.0086	0.0451	-4.1683
46.11	0.0090	0.0034	-4.1683
46.12	0.0090	-0.0383	-2.6667
46.13	0.0087	-0.0650	-2.6667
46.14	0.0080	-0.0916	-2.6667
46.15	0.0071	-0.1183	-2.6667
46.16	0.0059	-0.1450	-2.6667
46.17	0.0045	-0.1716	-2.6667
46.18	0.0027	-0.1983	-2.6667
46.19	0.0008	-0.2250	-2.6667
46.20	-0.0015	-0.2516	4.1683
46.21	-0.0040	-0.2099	4.1683
46.22	-0.0061	-0.1683	4.1683
46.23	-0.0078	-0.1266	4.1683
46.24	-0.0091	-0.0849	4.1683
46.25	-0.0099	-0.0432	4.1683
46.26	-0.0103	-0.0015	4.1683
46.27	-0.0104	0.0402	2.6667
46.28	-0.0099	0.0668	2.6667
46.29	-0.0093	0.0935	2.6667
46.30	-0.0083	0.1202	2.6667
46.31	-0.0071	0.1468	2.6667
46.32	-0.0057	0.1735	2.6667
46.33	-0.0039	0.2002	2.6667
46.34	-0.0019	0.2268	2.6667
46.35	0.0003	0.2535	-4.1683
46.36	0.0029	0.2118	-4.1683
46.37	0.0050	0.1701	-4.1683
46.38	0.0067	0.1284	-4.1683
46.39	0.0080	0.0868	-4.1683
46.40	0.0088	0.0451	-4.1683
46.41	0.0093	0.0034	-4.1683
46.42	0.0093	-0.0383	-2.6667
46.43	0.0089	-0.0650	-2.6667
46.44	0.0083	-0.0916	-2.6667
46.45	0.0074	-0.1183	-2.6667
46.46	0.0062	-0.1450	-2.6667
46.47	0.0047	-0.1716	-2.6667
46.48	0.0030	-0.1983	-2.6667
46.49	0.0010	-0.2250	-2.6667
46.50	-0.0012	-0.2516	4.1683
46.51	-0.0037	-0.2099	4.1683
46.52	-0.0058	-0.1683	4.1683
46.53	-0.0075	-0.1266	4.1683
46.54	-0.0088	-0.0849	4.1683
46.55	-0.0096	-0.0432	4.1683
46.56	-0.0101	-0.0015	4.1683
46.57	-0.0101	0.0402	2.6667
46.58	-0.0097	0.0668	2.6667
46.59	-0.0090	0.0935	2.6667
46.60	-0.0081	0.1202	2.6667
46.61	-0.0069	0.1468	2.6667
46.62	-0.0054	0.1735	2.6667
46.63	-0.0037	0.2002	2.6667
46.64	-0.0017	0.2268	2.6667
46.65	0.0006	0.2535	-4.1683
46.66	0.0031	0.2118	-4.1683
46.67	0.0053	0.1701	-4.1683
46.68	0.0070	0.1284	-4.1683
46.69	0.0082	0.0868	-4.1683
46.70	0.0091	0.0451	-4.1683
46.71	0.0096	0.0034	-4.1683
46.72	0.0096	-0.0383	-2.6667
46.73	0.0092	-0.0650	-2.6667
46.74	0.0086	-0.0916	-2.6667
46.75	0.0076	-0.1183	-2.6667
46.76	0.0065	-0.1450	-2.6667
46.77	0.0050	-0.1716	-2.6667
46.78	0.0033	-0.1983	-2.6667
46.79	0.0013	-0.2250	-2.6667
46.80	-0.0009	-0.2516	4.1683
46.81	-0.0034	-0.2099	4.1683
46.82	-0.0055	-0.1683	4.1683
46.83	-0.0072	-0.1266	4.1683
46.84	-0.0085	-0.0849	4.1683
46.85	-0.0093	-0.0432	4.1683
46.86	-0.0098	-0.0015	4.1683
46.87	-0.0098	0.0402	2.6667
46.88	-0.0094	0.0668	2.6667
46.89	-0.0087	0.0935	2.6667
46.90	-0.0078	0.1202	2.6667
46.91	-0.0066	0.1468	2.6667
46.92	-0.0051	0.1735	2.6667
46.93	-0.0034	0.2002	2.6667
46.94	-0.0014	0.2268	2.6667
46.95	0.0009	0.2535	-4.1683
46.96	0.0034	0.2118	-4.1683
46.97	0.0055	0.1701	-4.1683
46.98	0.0072	0.1284	-4.1683
46.99	0.0085	0.0868	-4.1683
47.00	0.0094	0.0451	-4.1683
47.01	0.0098	0.0034	-4.1683
47.02	0.0099	-0.0383	-2.6667
47.03	0.0095	-0.0650	-2.6667
47.04	0.0088	-0.0916	-2.6667
47.05	0.0079	-0.1183	-2.6667
47.06	0.0067	-0.1450	-2.6667
47.07	0.0053	-0.1716	-2.6667
47.08	0.0036	-0.1983	-2.6667
47.09	0.0016	-0.2250	-2.6667
47.10	-0.0007	-0.2516	4.1683
47.11	-0.0032	-0.2099	4.1683
47.12	-0.0053	-0.1683	4.1683
47.13	-0.0070	-0.1266	4.1683
47.14	-0.0082	-0.0849	4.1683
47.15	-0.0091	-0.0432	4.1683
47.16	-0.0095	-0.0015	4.1683
47.17	-0.0095	0.0402	2.6667
47.18	-0.0091	0.0668	2.6667
47.19	-0.0084	0.0935	2.6667
47.20	-0.0075	0.1202	2.6667
47.21	-0.0063	0.1468	2.6667
47.22	-0.0048	0.1735	2.6667
47.23	-0.0031	0.2002	2.6667
47.24	-0.0011	0.2268	2.6667
47.25	0.0012	0.2535	-4.1683
47.26	0.0037	0.2118	-4.1683
47.27	0.0058	0.1701	-4.1683
47.28	0.0075	0.1284	-4.1683
47.29	0.0088	0.0868	-4.1683
47.30	0.0097	0.0451	-4.1683
47.31	0.0101	0.0034	-4.1683
47.32	0.0102	-0.0383	-2.6667
47.33	0.0098	-0.0650	-2.6667
47.34	0.0091	-0.0916	-2.6667
47.35	0.0082	-0.1183	-2.6667
47.36	0.0070	-0.1450	-2.6667
47.37	0.0056	-0.1716	-2.6667
47.38	0.0039	-0.1983	-2.6667
47.39	0.0019	-0.2250	-2.6667
47.40	-0.0004	-0.2516	4.1683
47.41	-0.0029	-0.2099	4.1683
47.42	-0.0050	-0.1683	4.1683
47.43	-0.0067	-0.1266	4.1683
47.44	-0.0079	-0.0849	4.1683
47.45	-0.0088	-0.0432	4.1683
47.46	-0.0092	-0.0015	4.1683
47.47	-0.0092	0.0402	2.6667
47.48	-0.0088	0.0668	2.6667
47.49	-0.0082	0.0935	2.6667
47.50	-0.0072	0.1202	2.6667
47.51	-0.0060	0.1468	2.6667
47.52	-0.0046	0.1735	2.6667
47.53	-0.0028	0.2002	2.6667
47.54	-0.0008	0.2268	2.6667
47.55	0.0014	0.2535	-4.1683
47.56	0.0040	0.2118	-4.1683
47.57	0.0061	0.1701	-4.1683
47.58	0.0078	0.1284	-4.1683
47.59	0.0091	0.0868	-4.1683
47.60	0.0099	0.0451	-4.1683
47.61	0.0104	0.0034	-4.1683
47.62	0.0104	-0.0383	-2.6667
47.63	0.0100	-0.0650	-2.6667
47.64	0.0094	-0.0916	-2.6667
47.65	0.0085	-0.1183	-2.6667
47.66	0.0073	-0.1450	-2.6667
47.67	0.0059	-0.1716	-2.6667
47.68	0.0041	-0.1983	-2.6667
47.69	0.0022	-0.2250	-2.6667
47.70	-0.0001	-0.2516	4.1683
47.71	-0.0026	-0.2099	4.1683
47.72	-0.0047	-0.1683	4.1683
47.73	-0.0064	-0.1266	4.1683
47.74	-0.0077	-0.0849	4.1683
47.75	-0.0085	-0.0432	4.1683
47.76	-0.0089	-0.0015	4.1683
47.77	-0.0090	0.0402	2.6667
47.78	-0.0086	0.0668	2.6667
47.79	-0.0079	0.0935	2.6667
47.80	-0.0070	0.1202	2.6667
47.81	-0.0058	0.1468	2.6667
47.82	-0.0043	0.1735	2.6667
47.83	-0.0026	0.2002	2.6667
47.84	-0.0005	0.2268	2.6667
47.85	0.0017	0.2535	-4.1683
47.86	0.0043	0.2118	-4.1683
47.87	0.0064	0.1701	-4.1683
47.88	0.0081	0.1284	-4.1683
47.89	0.0094	0.0868	-4.1683
47.90	0.0102	0.0451	-4.1683
47.91	0.0107	0.0034	-4.1683
47.92	0.0107	-0.0383	-2.6667
47.93	0.0103	-0.0650	-2.6667
47.94	0.0097	-0.0916	-2.6667
47.95	0.0088	-0.1183	-2.6667
47.96	0.0076	-0.1450	-2.6667
47.97	0.0061	-0.1716	-2.6667
47.98	0.0044	-0.1983	-2.6667
47.99	0.0024	-0.2250	-2.6667
48.00	0.0002	-0.2516	-2.6667
48.01	-0.0023	-0.2783	4.1683
48.02	-0.0051	-0.2366	4.1683
48.03	-0.0075	-0.1949	4.1683
48.04	-0.0094	-0.1532	4.1683
48.05	-0.0110	-0.1116	4.1683
48.06	-0.0121	-0.0699	4.1683
48.07	-0.0128	-0.0282	4.1683
48.08	-0.0131	0.0135	2.6667
48.09	-0.0129	0.0402	2.6667
48.10	-0.0125	0.0668	2.6667
48.11	-0.0119	0.0935	2.6667
48.12	-0.0109	0.1202	2.6667
48.13	-0.0097	0.1468	2.6667
48.14	-0.0083	0.1735	2.6667
48.15	-0.0065	0.2002	2.6667
48.16	-0.0045	0.2268	2.6667
48.17	-0.0023	0.2535	2.6667
48.18	0.0003	0.2802	-4.1683
48.19	0.0031	0.2385	-4.1683
48.20	0.0055	0.1968	-4.1683
48.21	0.0074	0.1551	-4.1683
48.22	0.0090	0.1134	-4.1683
48.23	0.0101	0.0717	-4.1683
48.24	0.0108	0.0301	-4.1683
48.25	0.0111	-0.0116	-2.6667
48.26	0.0110	-0.0383	-2.6667
48.27	0.0106	-0.0650	-2.6667
48.28	0.0100	-0.0916	-2.6667
48.29	0.0091	-0.1183	-2.6667
48.30	0.0079	-0.1450	-2.6667
48.31	0.0064	-0.1716	-2.6667
48.32	0.0047	-0.1983	-2.6667
48.33	0.0027	-0.2250	-2.6667
48.34	0.0005	-0.2516	-2.6667
48.35	-0.0020	-0.2783	4.1683
48.36	-0.0048	-0.2366	4.1683
48.37	-0.0072	-0.1949	4.1683
48.38	-0.0091	-0.1532	4.1683
48.39	-0.0107	-0.1116	4.1683
48.40	-0.0118	-0.0699	4.1683
48.41	-0.0125	-0.0282	4.1683
48.42	-0.0127	0.0135	2.6667
48.43	-0.0126	0.0402	2.6667
48.44	-0.0122	0.0668	2.6667
48.45	-0.0115	0.0935	2.6667
48.46	-0.0106	0.1202	2.6667
48.47	-0.0094	0.1468	2.6667
48.48	-0.0079	0.1735	2.6667
48.49	-0.0062	0.2002	2.6667
48.50	-0.0042	0.2268	2.6667
48.51	-0.0019	0.2535	2.6667
48.52	0.0006	0.2802	-4.1683
48.53	0.0034	0.2385	-4.1683
48.54	0.0058	0.1968	-4.1683
48.55	0.0078	0.1551	-4.1683
48.56	0.0093	0.1134	-4.1683
48.57	0.0104	0.0717	-4.1683
48.58	0.0112	0.0301	-4.1683
48.59	0.0115	-0.0116	-2.6667
48.60	0.0113	-0.0383	-2.6667
48.61	0.0110	-0.0650	-2.6667
48.62	0.0103	-0.0916	-2.6667
48.63	0.0094	-0.1183	-2.6667
48.64	0.0082	-0.1450	-2.6667
48.65	0.0068	-0.1716	-2.6667
48.66	0.0050	-0.1983	-2.6667
48.67	0.0031	-0.2250	-2.6667
48.68	0.0008	-0.2516	-2.6667
48.69	-0.0017	-0.2783	4.1683
48.70	-0.0045	-0.2366	4.1683
48.71	-0.0069	-0.1949	4.1683
48.72	-0.0088	-0.1532	4.1683
48.73	-0.0103	-0.1116	4.1683
48.74	-0.0115	-0.0699	4.1683
48.75	-0.0122	-0.0282	4.1683
48.76	-0.0124	0.0135	2.6667
48.77	-0.0123	0.0402	2.6667
48.78	-0.0119	0.0668	2.6667
48.79	-0.0112	0.0935	2.6667
48.80	-0.0103	0.1202	2.6667
48.81	-0.0091	0.1468	2.6667
48.82	-0.0076	0.1735	2.6667
48.83	-0.0059	0.2002	2.6667
48.84	-0.0039	0.2268	2.6667
48.85	-0.0016	0.2535	2.6667
48.86	0.0009	0.2802	-4.1683
48.87	0.0037	0.2385	-4.1683
48.88	0.0061	0.1968	-4.1683
48.89	0.0081	0.1551	-4.1683
48.90	0.0096	0.1134	-4.1683
48.91	0.0108	0.0717	-4.1683
48.92	0.0115	0.0301	-4.1683
48.93	0.0118	-0.0116	-2.6667
48.94	0.0117	-0.0383	-2.6667
48.95	0.0113	-0.0650	-2.6667
48.96	0.0106	-0.0916	-2.6667
48.97	0.0097	-0.1183	-2.6667
48.98	0.0085	-0.1450	-2.6667
48.99	0.0071	-0.1716	-2.6667
49.00	0.0054	-0.1983	-2.6667
49.01	0.0034	-0.2250	-2.6667
49.02	0.0011	-0.2516	-2.6667
49.03	-0.0014	-0.2783	4.1683
49.04	-0.0042	-0.2366	4.1683
49.05	-0.0065	-0.1949	4.1683
49.06	-0.0085	-0.1532	4.1683
49.07	-0.0100	-0.1116	4.1683
49.08	-0.0111	-0.0699	4.1683
49.09	-0.0118	-0.0282	4.1683
49.10	-0.0121	0.0135	2.6667
49.11	-0.0120	0.0402	2.6667
49.12	-0.0116	0.0668	2.6667
49.13	-0.0109	0.0935	2.6667
49.14	-0.0100	0.1202	2.6667
49.15	-0.0088	0.1468	2.6667
49.16	-0.0073	0.1735	2.6667
49.17	-0.0056	0.2002	2.6667
49.18	-0.0036	0.2268	2.6667
49.19	-0.0013	0.2535	2.6667
49.20	0.0012	0.2802	-4.1683
49.21	0.0040	0.2385	-4.1683
49.22	0.0064	0.1968	-4.1683
49.23	0.0084	0.1551	-4.1683
49.24	0.0099	0.1134	-4.1683
49.25	0.0111	0.0717	-4.1683
49.26	0.0118	0.0301	-4.1683
49.27	0.0121	-0.0116	-2.6667
49.28	0.0120	-0.0383	-2.6667
49.29	0.0116	-0.0650	-2.6667
49.30	0.0109	-0.0916	-2.6667
49.31	0.0100	-0.1183	-2.6667
49.32	0.0088	-0.1450	-2.6667
49.33	0.0074	-0.1716	-2.6667
49.34	0.0057	-0.1983	-2.6667
49.35	0.0037	-0.2250	-2.6667
49.36	0.0014	-0.2516	-2.6667
49.37	-0.0011	-0.2783	4.1683
49.38	-0.0039	-0.2366	4.1683
49.39	-0.0062	-0.1949	4.1683
49.40	-0.0082	-0.1532	4.1683
49.41	-0.0097	-0.1116	4.1683
49.42	-0.0108	-0.0699	4.1683
49.43	-0.0115	-0.0282	4.1683
49.44	-0.0118	0.0135	2.6667
49.45	-0.0117	0.0402	2.6667
49.46	-0.0113	0.0668	2.6667
49.47	-0.0106	0.0935	2.6667
49.48	-0.0097	0.1202	2.6667
49.49	-0.0085	0.1468	2.6667
49.50	-0.0070	0.1735	2.6667
49.51	-0.0053	0.2002	2.6667
49.52	-0.0033	0.2268	2.6667
49.53	-0.0010	0.2535	2.6667
49.54	0.0015	0.2802	-4.1683
49.55	0.0043	0.2385	-4.1683
49.56	0.0067	0.1968	-4.1683
49.57	0.0087	0.1551	-4.1683
49.58	0.0103	0.1134	-4.1683
49.59	0.0114	0.0717	-4.1683
49.60	0.0121	0.0301	-4.1683
49.61	0.0124	-0.0116	-2.6667
49.62	0.0123	-0.0383	-2.6667
49.63	0.0119	-0.0650	-2.6667
49.64	0.0113	-0.0916	-2.6667
49.65	0.0103	-0.1183	-2.6667
49.66	0.0092	-0.1450	-2.6667
49.67	0.0077	-0.1716	-2.6667
49.68	0.0060	-0.1983	-2.6667
49.69	0.0040	-0.2250	-2.6667
49.70	0.0018	-0.2516	-2.6667
49.71	-0.0008	-0.2783	4.1683
49.72	-0.0035	-0.2366	4.1683
49.73	-0.0059	-0.1949	4.1683
49.74	-0.0079	-0.1532	4.1683
49.75	-0.0094	-0.1116	4.1683
49.76	-0.0105	-0.0699	4.1683
49.77	-0.0112	-0.0282	4.1683
49.78	-0.0115	0.0135	2.6667
49.79	-0.0114	0.0402	2.6667
49.80	-0.0110	0.0668	2.6667
49.81	-0.0103	0.0935	2.6667
49.82	-0.0093	0.1202	2.6667
49.83	-0.0081	0.1468	2.6667
49.84	-0.0067	0.1735	2.6667
49.85	-0.0049	0.2002	2.6667
49.86	-0.0029	0.2268	2.6667
49.87	-0.0007	0.2535	2.6667
49.88	0.0019	0.2802	-4.1683
49.89	0.0047	0.2385	-4.1683
49.90	0.0070	0.1968	-4.1683
49.91	0.0090	0.1551	-4.1683
49.92	0.0106	0.1134	-4.1683
49.93	0.0117	0.0717	-4.1683
49.94	0.0124	0.0301	-4.1683
49.95	0.0127	-0.0116	-2.6667
49.96	0.0126	-0.0383	-2.6667
49.97	0.0122	-0.0650	-2.6667
49.98	0.0116	-0.0916	-2.6667
49.99	0.0107	-0.1183	-2.6667
